flight_instance_id,flight_id,airline_key,route_key,departure_date_key,departure_time,arrival_time,departure_hour,duration_minutes,route_mean_duration,route_std_duration,is_overnight,duration_anomaly_flag,is_duration_outlier
1,SJ010,3,1,20260420,2026-04-20 23:38:41.701,2026-04-21 02:32:41.701,23,174.0,171.29166666666666,79.96112053430373,False,False,False
2,AI155,1,2,20260420,2026-04-20 23:35:41.703,2026-04-21 01:23:41.703,23,108.0,169.51111111111112,72.0207904509422,False,False,False
3,UK094,4,2,20260420,2026-04-20 23:26:41.702,2026-04-21 01:11:41.702,23,105.0,169.51111111111112,72.0207904509422,False,False,False
4,AI245,1,2,20260420,2026-04-20 23:07:41.704,2026-04-21 01:43:41.704,23,156.0,169.51111111111112,72.0207904509422,False,False,False
5,AI192,1,3,20260420,2026-04-20 23:05:41.703,2026-04-21 04:04:41.703,23,299.0,176.76190476190476,75.05258474023714,False,False,False
6,SJ158,3,4,20260420,2026-04-20 23:05:41.703,2026-04-21 01:24:41.703,23,139.0,174.75925925925927,75.97192509877934,False,False,False
7,6F196,2,1,20260420,2026-04-20 23:04:41.703,2026-04-21 00:47:41.703,23,103.0,171.29166666666666,79.96112053430373,False,False,False
8,AI080,1,5,20260420,2026-04-20 23:03:41.702,2026-04-21 00:35:41.702,23,92.0,180.84615384615384,76.7315800998219,False,False,False
9,6F025,2,6,20260420,2026-04-20 23:02:41.701,2026-04-20 23:57:41.701,23,55.0,147.73333333333332,73.89407596875976,False,False,False
10,6F251,2,7,20260420,2026-04-20 22:56:41.703,2026-04-20 23:37:41.703,22,41.0,170.0344827586207,73.42658274894177,False,False,False
11,AI137,1,8,20260420,2026-04-20 22:49:41.702,2026-04-21 01:17:41.702,22,148.0,153.82051282051282,75.2759386296325,False,False,False
12,6F026,2,2,20260420,2026-04-20 22:46:42.000,2026-04-21 03:13:42.000,22,267.0,169.51111111111112,72.0207904509422,False,False,False
13,UK167,4,9,20260420,2026-04-20 22:45:41.703,2026-04-21 01:46:41.703,22,181.0,178.7826086956522,69.77232879596788,False,False,False
14,UK027,4,2,20260420,2026-04-20 22:44:41.701,2026-04-21 01:05:41.701,22,141.0,169.51111111111112,72.0207904509422,False,False,False
15,AI069,1,10,20260420,2026-04-20 22:43:41.702,2026-04-21 02:29:41.702,22,226.0,178.10714285714286,82.9878792067739,False,False,False
16,AI058,1,2,20260420,2026-04-20 22:40:41.701,2026-04-21 00:18:41.701,22,98.0,169.51111111111112,72.0207904509422,False,False,False
17,AI140,1,8,20260420,2026-04-20 22:25:41.702,2026-04-21 02:08:41.702,22,223.0,153.82051282051282,75.2759386296325,False,False,False
18,SJ239,3,2,20260420,2026-04-20 22:24:41.704,2026-04-21 00:10:41.704,22,106.0,169.51111111111112,72.0207904509422,False,False,False
19,6F099,2,11,20260420,2026-04-20 22:24:41.702,2026-04-20 22:59:41.702,22,35.0,155.96153846153845,81.71192361912954,False,False,False
20,AI048,1,12,20260420,2026-04-20 22:23:41.701,2026-04-21 02:15:41.701,22,232.0,153.61111111111111,76.959941208792,False,False,False
21,SJ112,3,13,20260420,2026-04-20 22:20:41.702,2026-04-21 00:40:41.702,22,140.0,185.35714285714286,78.63649665563553,False,False,False
22,6F164,2,6,20260420,2026-04-20 22:18:41.703,2026-04-21 00:45:41.703,22,147.0,147.73333333333332,73.89407596875976,False,False,False
23,UK021,4,14,20260420,2026-04-20 22:00:41.701,2026-04-20 23:50:41.701,22,110.0,152.80701754385964,78.4174813319461,False,False,False
24,SJ172,3,12,20260420,2026-04-20 21:58:41.703,2026-04-21 01:14:41.703,21,196.0,153.61111111111111,76.959941208792,False,False,False
25,AI060,1,4,20260420,2026-04-20 21:58:41.701,2026-04-20 23:51:41.701,21,113.0,174.75925925925927,75.97192509877934,False,False,False
26,SJ205,3,15,20260420,2026-04-20 21:56:41.703,2026-04-20 23:00:41.703,21,64.0,167.15384615384616,88.09934951300937,False,False,False
27,SJ093,3,6,20260420,2026-04-20 21:55:41.702,2026-04-20 23:01:41.702,21,66.0,147.73333333333332,73.89407596875976,False,False,False
28,6F195,2,12,20260420,2026-04-20 21:44:41.703,2026-04-20 22:39:41.703,21,55.0,153.61111111111111,76.959941208792,False,False,False
29,UK003,4,13,20260420,2026-04-20 21:41:41.700,2026-04-21 02:19:41.700,21,278.0,185.35714285714286,78.63649665563553,False,False,False
30,UK026,4,14,20260420,2026-04-20 21:38:41.701,2026-04-20 23:44:41.701,21,126.0,152.80701754385964,78.4174813319461,False,False,False
31,6F174,2,4,20260420,2026-04-20 21:36:41.703,2026-04-20 22:16:41.703,21,40.0,174.75925925925927,75.97192509877934,False,False,False
32,UK067,4,2,20260420,2026-04-20 21:36:41.701,2026-04-21 01:02:41.701,21,206.0,169.51111111111112,72.0207904509422,False,False,False
33,SJ149,3,14,20260420,2026-04-20 21:20:41.702,2026-04-20 23:20:42.000,21,120.0,152.80701754385964,78.4174813319461,False,False,False
34,6F213,2,6,20260420,2026-04-20 21:05:41.703,2026-04-21 00:32:41.703,21,207.0,147.73333333333332,73.89407596875976,False,False,False
35,UK200,4,12,20260420,2026-04-20 20:54:41.703,2026-04-20 22:45:41.703,20,111.0,153.61111111111111,76.959941208792,False,False,False
36,SJ214,3,16,20260420,2026-04-20 20:54:41.703,2026-04-20 22:10:41.703,20,76.0,183.40740740740742,80.06452170173525,False,False,False
37,SJ047,3,17,20260420,2026-04-20 20:44:41.701,2026-04-20 21:21:41.701,20,37.0,155.4814814814815,86.09939264074637,False,False,False
38,AI179,1,17,20260420,2026-04-20 20:41:41.703,2026-04-21 01:19:41.703,20,278.0,155.4814814814815,86.09939264074637,False,False,False
39,SJ153,3,18,20260420,2026-04-20 20:37:41.702,2026-04-20 22:00:41.702,20,83.0,151.73076923076923,87.06437052769988,False,False,False
40,6F236,2,8,20260420,2026-04-20 20:35:41.704,2026-04-20 23:54:41.704,20,199.0,153.82051282051282,75.2759386296325,False,False,False
41,UK059,4,14,20260420,2026-04-20 20:33:41.701,2026-04-20 22:10:41.701,20,97.0,152.80701754385964,78.4174813319461,False,False,False
42,SJ001,3,16,20260420,2026-04-20 20:28:41.700,2026-04-21 01:15:41.700,20,287.0,183.40740740740742,80.06452170173525,False,False,False
43,SJ049,3,12,20260420,2026-04-20 20:26:41.701,2026-04-21 00:26:41.701,20,240.0,153.61111111111111,76.959941208792,False,False,False
44,6F086,2,19,20260420,2026-04-20 20:23:41.702,2026-04-20 21:00:41.702,20,37.0,160.0,82.9511904676479,False,False,False
45,AI220,1,8,20260420,2026-04-20 20:19:41.703,2026-04-20 21:57:41.703,20,98.0,153.82051282051282,75.2759386296325,False,False,False
46,AI188,1,20,20260420,2026-04-20 20:16:41.703,2026-04-20 23:02:41.703,20,166.0,152.23809523809524,70.13480217545691,False,False,False
47,6F114,2,16,20260420,2026-04-20 20:10:41.702,2026-04-20 21:00:41.702,20,50.0,183.40740740740742,80.06452170173525,False,False,False
48,SJ179,3,4,20260420,2026-04-20 20:09:41.703,2026-04-20 23:39:41.703,20,210.0,174.75925925925927,75.97192509877934,False,False,False
49,6F190,2,9,20260420,2026-04-20 20:02:41.703,2026-04-21 00:36:41.703,20,274.0,178.7826086956522,69.77232879596788,False,False,False
50,SJ003,3,21,20260420,2026-04-20 19:50:41.701,2026-04-20 20:32:41.701,19,42.0,158.54166666666666,85.71742208720094,False,False,False
51,6F028,2,15,20260420,2026-04-20 19:49:41.701,2026-04-20 21:49:41.701,19,120.0,167.15384615384616,88.09934951300937,False,False,False
52,UK036,4,22,20260420,2026-04-20 19:48:41.701,2026-04-21 00:12:41.701,19,264.0,167.35,77.8062877989474,False,False,False
53,SJ160,3,23,20260420,2026-04-20 19:45:41.703,2026-04-20 20:30:41.703,19,45.0,172.8153846153846,79.97223977490806,False,False,False
54,6F151,2,20,20260420,2026-04-20 19:44:41.703,2026-04-20 22:04:41.703,19,140.0,152.23809523809524,70.13480217545691,False,False,False
55,UK140,4,23,20260420,2026-04-20 19:37:41.703,2026-04-20 21:00:41.703,19,83.0,172.8153846153846,79.97223977490806,False,False,False
56,AI115,1,23,20260420,2026-04-20 19:37:41.702,2026-04-21 00:26:41.702,19,289.0,172.8153846153846,79.97223977490806,False,False,False
57,AI132,1,6,20260420,2026-04-20 19:32:41.702,2026-04-20 21:41:41.702,19,129.0,147.73333333333332,73.89407596875976,False,False,False
58,UK209,4,23,20260420,2026-04-20 19:02:41.704,2026-04-20 21:47:41.704,19,165.0,172.8153846153846,79.97223977490806,False,False,False
59,SJ043,3,11,20260420,2026-04-20 18:59:41.701,2026-04-20 21:08:41.701,18,129.0,155.96153846153845,81.71192361912954,False,False,False
60,UK176,4,24,20260420,2026-04-20 18:41:41.703,2026-04-20 22:49:41.703,18,248.0,162.76923076923077,80.76202458695928,False,False,False
61,UK216,4,19,20260420,2026-04-20 18:33:41.704,2026-04-20 21:47:41.704,18,194.0,160.0,82.9511904676479,False,False,False
62,UK150,4,18,20260420,2026-04-20 18:31:41.703,2026-04-20 19:01:41.703,18,30.0,151.73076923076923,87.06437052769988,False,False,False
63,UK145,4,5,20260420,2026-04-20 18:30:41.703,2026-04-20 20:41:41.703,18,131.0,180.84615384615384,76.7315800998219,False,False,False
64,6F270,2,14,20260420,2026-04-20 18:14:41.701,2026-04-20 19:02:41.701,18,48.0,152.80701754385964,78.4174813319461,False,False,False
65,6F012,2,20,20260420,2026-04-20 18:06:41.701,2026-04-20 21:31:41.701,18,205.0,152.23809523809524,70.13480217545691,False,False,False
66,SJ236,3,3,20260420,2026-04-20 18:03:41.704,2026-04-20 22:02:41.704,18,239.0,176.76190476190476,75.05258474023714,False,False,False
67,6F149,2,25,20260420,2026-04-20 17:57:41.703,2026-04-20 20:42:41.703,17,165.0,128.52380952380952,75.23338291451412,False,False,False
68,UK004,4,2,20260420,2026-04-20 17:56:41.700,2026-04-20 18:30:41.700,17,34.0,169.51111111111112,72.0207904509422,False,False,False
69,UK010,4,19,20260420,2026-04-20 17:53:41.701,2026-04-20 20:40:41.701,17,167.0,160.0,82.9511904676479,False,False,False
70,UK215,4,8,20260420,2026-04-20 17:38:41.704,2026-04-20 19:50:41.704,17,132.0,153.82051282051282,75.2759386296325,False,False,False
71,SJ116,3,15,20260420,2026-04-20 17:33:41.702,2026-04-20 19:02:41.702,17,89.0,167.15384615384616,88.09934951300937,False,False,False
72,SJ023,3,14,20260420,2026-04-20 17:27:41.701,2026-04-20 19:09:41.701,17,102.0,152.80701754385964,78.4174813319461,False,False,False
73,UK152,4,2,20260420,2026-04-20 17:24:41.703,2026-04-20 20:13:41.703,17,169.0,169.51111111111112,72.0207904509422,False,False,False
74,SJ202,3,20,20260420,2026-04-20 17:21:41.703,2026-04-20 19:08:41.703,17,107.0,152.23809523809524,70.13480217545691,False,False,False
75,6F043,2,5,20260420,2026-04-20 17:17:41.701,2026-04-20 18:43:41.701,17,86.0,180.84615384615384,76.7315800998219,False,False,False
76,UK173,4,23,20260420,2026-04-20 17:06:41.703,2026-04-20 21:22:41.703,17,256.0,172.8153846153846,79.97223977490806,False,False,False
77,SJ081,3,26,20260420,2026-04-20 17:04:41.702,2026-04-20 18:53:41.702,17,109.0,176.52173913043478,70.9781461662784,False,False,False
78,UK153,4,20,20260420,2026-04-20 16:52:41.703,2026-04-20 20:53:41.703,16,241.0,152.23809523809524,70.13480217545691,False,False,False
79,UK187,4,6,20260420,2026-04-20 16:52:41.703,2026-04-20 18:42:41.703,16,110.0,147.73333333333332,73.89407596875976,False,False,False
80,UK055,4,13,20260420,2026-04-20 16:48:41.701,2026-04-20 19:31:41.701,16,163.0,185.35714285714286,78.63649665563553,False,False,False
81,UK181,4,11,20260420,2026-04-20 16:44:41.703,2026-04-20 19:26:41.703,16,162.0,155.96153846153845,81.71192361912954,False,False,False
82,UK074,4,8,20260420,2026-04-20 16:44:41.702,2026-04-20 18:41:41.702,16,117.0,153.82051282051282,75.2759386296325,False,False,False
83,SJ068,3,6,20260420,2026-04-20 16:44:41.701,2026-04-20 18:48:41.701,16,124.0,147.73333333333332,73.89407596875976,False,False,False
84,AI242,1,25,20260420,2026-04-20 16:41:41.704,2026-04-20 17:43:41.704,16,62.0,128.52380952380952,75.23338291451412,False,False,False
85,SJ237,3,2,20260420,2026-04-20 16:32:41.704,2026-04-20 19:00:41.704,16,148.0,169.51111111111112,72.0207904509422,False,False,False
86,6F194,2,2,20260420,2026-04-20 16:29:41.703,2026-04-20 18:27:41.703,16,118.0,169.51111111111112,72.0207904509422,False,False,False
87,UK063,4,10,20260420,2026-04-20 16:29:41.701,2026-04-20 17:41:41.701,16,72.0,178.10714285714286,82.9878792067739,False,False,False
88,UK068,4,27,20260420,2026-04-20 16:28:41.701,2026-04-20 18:09:41.701,16,101.0,187.3125,68.64470724923615,False,False,False
89,UK224,4,1,20260420,2026-04-20 16:25:41.704,2026-04-20 20:24:41.704,16,239.0,171.29166666666666,79.96112053430373,False,False,False
90,UK077,4,17,20260420,2026-04-20 16:22:41.702,2026-04-20 18:00:41.702,16,98.0,155.4814814814815,86.09939264074637,False,False,False
91,UK207,4,21,20260420,2026-04-20 16:21:41.703,2026-04-20 17:36:41.703,16,75.0,158.54166666666666,85.71742208720094,False,False,False
92,AI221,1,19,20260420,2026-04-20 16:18:41.703,2026-04-20 18:54:41.703,16,156.0,160.0,82.9511904676479,False,False,False
93,UK109,4,6,20260420,2026-04-20 16:06:41.702,2026-04-20 17:06:42.000,16,60.0,147.73333333333332,73.89407596875976,False,False,False
94,UK089,4,5,20260420,2026-04-20 15:38:41.702,2026-04-20 19:50:41.702,15,252.0,180.84615384615384,76.7315800998219,False,False,False
95,AI072,1,25,20260420,2026-04-20 15:34:41.702,2026-04-20 16:32:41.702,15,58.0,128.52380952380952,75.23338291451412,False,False,False
96,UK131,4,8,20260420,2026-04-20 15:33:41.702,2026-04-20 19:39:41.702,15,246.0,153.82051282051282,75.2759386296325,False,False,False
97,SJ150,3,5,20260420,2026-04-20 15:33:41.702,2026-04-20 19:03:41.702,15,210.0,180.84615384615384,76.7315800998219,False,False,False
98,6F097,2,6,20260420,2026-04-20 15:32:41.702,2026-04-20 16:49:41.702,15,77.0,147.73333333333332,73.89407596875976,False,False,False
99,6F123,2,4,20260420,2026-04-20 15:26:41.702,2026-04-20 17:12:41.702,15,106.0,174.75925925925927,75.97192509877934,False,False,False
100,6F017,2,28,20260420,2026-04-20 15:25:41.701,2026-04-20 18:06:41.701,15,161.0,163.96969696969697,81.22018100835717,False,False,False
101,6F245,2,28,20260420,2026-04-20 15:25:41.701,2026-04-20 18:06:41.701,15,161.0,163.96969696969697,81.22018100835717,False,False,False
102,6F180,2,23,20260420,2026-04-20 15:24:41.703,2026-04-20 19:48:41.703,15,264.0,172.8153846153846,79.97223977490806,False,False,False
103,6F152,2,12,20260420,2026-04-20 15:21:41.703,2026-04-20 17:25:41.703,15,124.0,153.61111111111111,76.959941208792,False,False,False
104,SJ034,3,3,20260420,2026-04-20 15:20:41.701,2026-04-20 20:11:41.701,15,291.0,176.76190476190476,75.05258474023714,False,False,False
105,SJ142,3,28,20260420,2026-04-20 15:14:41.702,2026-04-20 16:56:41.702,15,102.0,163.96969696969697,81.22018100835717,False,False,False
106,UK189,4,27,20260420,2026-04-20 15:07:41.703,2026-04-20 18:51:41.703,15,224.0,187.3125,68.64470724923615,False,False,False
107,SJ044,3,18,20260420,2026-04-20 15:06:41.701,2026-04-20 17:43:41.701,15,157.0,151.73076923076923,87.06437052769988,False,False,False
108,SJ196,3,4,20260420,2026-04-20 14:58:41.703,2026-04-20 17:44:41.703,14,166.0,174.75925925925927,75.97192509877934,False,False,False
109,6F188,2,4,20260420,2026-04-20 14:57:41.703,2026-04-20 19:39:41.703,14,282.0,174.75925925925927,75.97192509877934,False,False,False
110,6F181,2,16,20260420,2026-04-20 14:55:41.703,2026-04-20 16:43:41.703,14,108.0,183.40740740740742,80.06452170173525,False,False,False
111,6F077,2,12,20260420,2026-04-20 14:55:41.702,2026-04-20 19:13:41.702,14,258.0,153.61111111111111,76.959941208792,False,False,False
112,SJ154,3,29,20260420,2026-04-20 14:47:41.702,2026-04-20 16:26:41.702,14,99.0,155.68421052631578,56.33141281891869,False,False,False
113,AI025,1,13,20260420,2026-04-20 14:46:41.701,2026-04-20 17:11:41.701,14,145.0,185.35714285714286,78.63649665563553,False,False,False
114,AI094,1,7,20260420,2026-04-20 14:44:41.702,2026-04-20 15:44:42.000,14,60.0,170.0344827586207,73.42658274894177,False,False,False
115,6F191,2,30,20260420,2026-04-20 14:41:41.703,2026-04-20 15:11:41.703,14,30.0,156.94736842105263,85.1668125792687,False,False,False
116,SJ085,3,27,20260420,2026-04-20 14:41:41.702,2026-04-20 19:11:41.702,14,270.0,187.3125,68.64470724923615,False,False,False
117,6F261,2,12,20260420,2026-04-20 14:31:41.703,2026-04-20 17:29:41.703,14,178.0,153.61111111111111,76.959941208792,False,False,False
118,6F129,2,18,20260420,2026-04-20 14:28:41.702,2026-04-20 16:47:41.702,14,139.0,151.73076923076923,87.06437052769988,False,False,False
119,6F254,2,23,20260420,2026-04-20 14:26:41.703,2026-04-20 18:01:41.703,14,215.0,172.8153846153846,79.97223977490806,False,False,False
120,SJ185,3,2,20260420,2026-04-20 14:21:41.703,2026-04-20 15:21:41.703,14,60.0,169.51111111111112,72.0207904509422,False,False,False
121,6F030,2,8,20260420,2026-04-20 14:20:41.701,2026-04-20 17:10:41.701,14,170.0,153.82051282051282,75.2759386296325,False,False,False
122,SJ222,3,8,20260420,2026-04-20 14:15:41.703,2026-04-20 17:09:41.703,14,174.0,153.82051282051282,75.2759386296325,False,False,False
123,6F259,2,8,20260420,2026-04-20 14:10:41.703,2026-04-20 15:21:41.703,14,71.0,153.82051282051282,75.2759386296325,False,False,False
124,UK083,4,4,20260420,2026-04-20 14:10:41.702,2026-04-20 14:59:41.702,14,49.0,174.75925925925927,75.97192509877934,False,False,False
125,6F051,2,6,20260420,2026-04-20 13:58:41.701,2026-04-20 15:58:41.701,13,120.0,147.73333333333332,73.89407596875976,False,False,False
126,SJ088,3,1,20260420,2026-04-20 13:54:41.702,2026-04-20 14:26:41.702,13,32.0,171.29166666666666,79.96112053430373,False,False,False
127,6F146,2,14,20260420,2026-04-20 13:51:41.703,2026-04-20 15:07:41.703,13,76.0,152.80701754385964,78.4174813319461,False,False,False
128,6F047,2,11,20260420,2026-04-20 13:50:41.701,2026-04-20 15:55:41.701,13,125.0,155.96153846153845,81.71192361912954,False,False,False
129,AI077,1,20,20260420,2026-04-20 13:45:41.702,2026-04-20 14:51:41.702,13,66.0,152.23809523809524,70.13480217545691,False,False,False
130,UK134,4,15,20260420,2026-04-20 13:44:41.702,2026-04-20 17:26:41.702,13,222.0,167.15384615384616,88.09934951300937,False,False,False
131,AI056,1,9,20260420,2026-04-20 13:44:41.701,2026-04-20 17:39:41.701,13,235.0,178.7826086956522,69.77232879596788,False,False,False
132,UK141,4,14,20260420,2026-04-20 13:38:41.703,2026-04-20 15:59:41.703,13,141.0,152.80701754385964,78.4174813319461,False,False,False
133,AI030,1,20,20260420,2026-04-20 13:33:41.701,2026-04-20 16:52:41.701,13,199.0,152.23809523809524,70.13480217545691,False,False,False
134,AI029,1,11,20260420,2026-04-20 13:29:41.701,2026-04-20 17:53:41.701,13,264.0,155.96153846153845,81.71192361912954,False,False,False
135,SJ167,3,21,20260420,2026-04-20 13:18:41.703,2026-04-20 14:12:41.703,13,54.0,158.54166666666666,85.71742208720094,False,False,False
136,UK017,4,29,20260420,2026-04-20 13:14:41.701,2026-04-20 14:49:41.701,13,95.0,155.68421052631578,56.33141281891869,False,False,False
137,6F229,2,11,20260420,2026-04-20 13:10:41.704,2026-04-20 14:30:41.704,13,80.0,155.96153846153845,81.71192361912954,False,False,False
138,SJ117,3,23,20260420,2026-04-20 13:10:41.702,2026-04-20 17:06:41.702,13,236.0,172.8153846153846,79.97223977490806,False,False,False
139,6F184,2,3,20260420,2026-04-20 13:05:41.703,2026-04-20 16:04:41.703,13,179.0,176.76190476190476,75.05258474023714,False,False,False
140,AI031,1,9,20260420,2026-04-20 13:05:41.701,2026-04-20 16:11:41.701,13,186.0,178.7826086956522,69.77232879596788,False,False,False
141,AI178,1,22,20260420,2026-04-20 13:04:41.703,2026-04-20 14:03:41.703,13,59.0,167.35,77.8062877989474,False,False,False
142,SJ089,3,15,20260420,2026-04-20 12:42:41.702,2026-04-20 17:15:41.702,12,273.0,167.15384615384616,88.09934951300937,False,False,False
143,UK166,4,14,20260420,2026-04-20 12:39:41.703,2026-04-20 17:32:41.703,12,293.0,152.80701754385964,78.4174813319461,False,False,False
144,UK104,4,10,20260420,2026-04-20 12:30:41.702,2026-04-20 13:52:41.702,12,82.0,178.10714285714286,82.9878792067739,False,False,False
145,6F168,2,13,20260420,2026-04-20 12:18:41.703,2026-04-20 15:58:41.703,12,220.0,185.35714285714286,78.63649665563553,False,False,False
146,AI222,1,8,20260420,2026-04-20 12:10:41.703,2026-04-20 13:14:41.703,12,64.0,153.82051282051282,75.2759386296325,False,False,False
147,SJ025,3,2,20260420,2026-04-20 12:02:41.701,2026-04-20 15:29:41.701,12,207.0,169.51111111111112,72.0207904509422,False,False,False
148,6F255,2,10,20260420,2026-04-20 11:59:41.703,2026-04-20 15:33:41.703,11,214.0,178.10714285714286,82.9878792067739,False,False,False
149,UK228,4,9,20260420,2026-04-20 11:58:41.704,2026-04-20 15:08:41.704,11,190.0,178.7826086956522,69.77232879596788,False,False,False
150,6F158,2,1,20260420,2026-04-20 11:58:41.703,2026-04-20 16:04:41.703,11,246.0,171.29166666666666,79.96112053430373,False,False,False
151,SJ218,3,4,20260420,2026-04-20 11:58:41.703,2026-04-20 15:03:41.703,11,185.0,174.75925925925927,75.97192509877934,False,False,False
152,6F034,2,8,20260420,2026-04-20 11:53:41.701,2026-04-20 12:49:41.701,11,56.0,153.82051282051282,75.2759386296325,False,False,False
153,UK156,4,23,20260420,2026-04-20 11:50:41.703,2026-04-20 15:54:41.703,11,244.0,172.8153846153846,79.97223977490806,False,False,False
154,6F105,2,6,20260420,2026-04-20 11:46:41.702,2026-04-20 12:58:41.702,11,72.0,147.73333333333332,73.89407596875976,False,False,False
155,6F073,2,18,20260420,2026-04-20 11:38:41.702,2026-04-20 15:18:41.702,11,220.0,151.73076923076923,87.06437052769988,False,False,False
156,SJ074,3,18,20260420,2026-04-20 11:21:41.701,2026-04-20 12:02:41.701,11,41.0,151.73076923076923,87.06437052769988,False,False,False
157,6F234,2,8,20260420,2026-04-20 11:20:41.704,2026-04-20 14:11:41.704,11,171.0,153.82051282051282,75.2759386296325,False,False,False
158,6F068,2,29,20260420,2026-04-20 11:17:41.701,2026-04-20 15:06:41.701,11,229.0,155.68421052631578,56.33141281891869,False,False,False
159,6F074,2,17,20260420,2026-04-20 11:09:41.702,2026-04-20 14:29:41.702,11,200.0,155.4814814814815,86.09939264074637,False,False,False
160,AI038,1,14,20260420,2026-04-20 11:05:41.701,2026-04-20 15:44:41.701,11,279.0,152.80701754385964,78.4174813319461,False,False,False
161,AI079,1,22,20260420,2026-04-20 11:04:41.702,2026-04-20 13:19:41.702,11,135.0,167.35,77.8062877989474,False,False,False
162,SJ018,3,2,20260420,2026-04-20 10:58:41.701,2026-04-20 13:31:41.701,10,153.0,169.51111111111112,72.0207904509422,False,False,False
163,6F018,2,7,20260420,2026-04-20 10:57:41.701,2026-04-20 11:43:41.701,10,46.0,170.0344827586207,73.42658274894177,False,False,False
164,AI091,1,1,20260420,2026-04-20 10:52:41.702,2026-04-20 15:15:41.702,10,263.0,171.29166666666666,79.96112053430373,False,False,False
165,UK071,4,4,20260420,2026-04-20 10:50:41.701,2026-04-20 14:06:41.701,10,196.0,174.75925925925927,75.97192509877934,False,False,False
166,AI019,1,2,20260420,2026-04-20 10:49:41.701,2026-04-20 11:51:41.701,10,62.0,169.51111111111112,72.0207904509422,False,False,False
167,UK212,4,14,20260420,2026-04-20 10:46:41.704,2026-04-20 11:31:41.704,10,45.0,152.80701754385964,78.4174813319461,False,False,False
168,AI146,1,30,20260420,2026-04-20 10:40:41.702,2026-04-20 13:46:41.702,10,186.0,156.94736842105263,85.1668125792687,False,False,False
169,6F232,2,23,20260420,2026-04-20 10:39:41.704,2026-04-20 12:22:41.704,10,103.0,172.8153846153846,79.97223977490806,False,False,False
170,6F084,2,20,20260420,2026-04-20 10:34:41.702,2026-04-20 11:34:42.000,10,60.0,152.23809523809524,70.13480217545691,False,False,False
171,AI129,1,2,20260420,2026-04-20 10:29:41.702,2026-04-20 13:38:41.702,10,189.0,169.51111111111112,72.0207904509422,False,False,False
172,AI240,1,11,20260420,2026-04-20 10:19:41.704,2026-04-20 12:46:41.704,10,147.0,155.96153846153845,81.71192361912954,False,False,False
173,6F091,2,25,20260420,2026-04-20 10:10:41.702,2026-04-20 11:36:41.702,10,86.0,128.52380952380952,75.23338291451412,False,False,False
174,UK133,4,8,20260420,2026-04-20 10:04:41.702,2026-04-20 13:16:41.702,10,192.0,153.82051282051282,75.2759386296325,False,False,False
175,SJ007,3,2,20260420,2026-04-20 10:03:41.701,2026-04-20 14:53:41.701,10,290.0,169.51111111111112,72.0207904509422,False,False,False
176,SJ141,3,12,20260420,2026-04-20 10:00:41.702,2026-04-20 13:37:41.702,10,217.0,153.61111111111111,76.959941208792,False,False,False
177,6F049,2,13,20260420,2026-04-20 10:00:41.701,2026-04-20 13:13:41.701,10,193.0,185.35714285714286,78.63649665563553,False,False,False
178,SJ235,3,8,20260420,2026-04-20 09:57:41.704,2026-04-20 13:45:41.704,9,228.0,153.82051282051282,75.2759386296325,False,False,False
179,UK087,4,14,20260420,2026-04-20 09:49:41.702,2026-04-20 13:17:41.702,9,208.0,152.80701754385964,78.4174813319461,False,False,False
180,UK170,4,26,20260420,2026-04-20 09:42:41.703,2026-04-20 11:32:41.703,9,110.0,176.52173913043478,70.9781461662784,False,False,False
181,SJ078,3,4,20260420,2026-04-20 09:41:41.701,2026-04-20 12:49:41.701,9,188.0,174.75925925925927,75.97192509877934,False,False,False
182,SJ075,3,23,20260420,2026-04-20 09:26:41.701,2026-04-20 11:03:41.701,9,97.0,172.8153846153846,79.97223977490806,False,False,False
183,AI159,1,24,20260420,2026-04-20 09:23:41.703,2026-04-20 11:36:41.703,9,133.0,162.76923076923077,80.76202458695928,False,False,False
184,UK120,4,13,20260420,2026-04-20 09:19:41.702,2026-04-20 13:30:41.702,9,251.0,185.35714285714286,78.63649665563553,False,False,False
185,AI059,1,12,20260420,2026-04-20 09:16:41.701,2026-04-20 11:43:41.701,9,147.0,153.61111111111111,76.959941208792,False,False,False
186,UK040,4,15,20260420,2026-04-20 09:15:41.701,2026-04-20 10:32:41.701,9,77.0,167.15384615384616,88.09934951300937,False,False,False
187,AI044,1,23,20260420,2026-04-20 09:03:41.701,2026-04-20 12:36:41.701,9,213.0,172.8153846153846,79.97223977490806,False,False,False
188,AI078,1,10,20260420,2026-04-20 08:58:41.702,2026-04-20 13:28:41.702,8,270.0,178.10714285714286,82.9878792067739,False,False,False
189,SJ226,3,17,20260420,2026-04-20 08:47:41.704,2026-04-20 12:54:41.704,8,247.0,155.4814814814815,86.09939264074637,False,False,False
190,6F209,2,21,20260420,2026-04-20 08:40:41.703,2026-04-20 13:40:41.703,8,300.0,158.54166666666666,85.71742208720094,False,False,False
191,UK193,4,13,20260420,2026-04-20 08:39:41.703,2026-04-20 09:14:41.703,8,35.0,185.35714285714286,78.63649665563553,False,False,False
192,6F092,2,23,20260420,2026-04-20 08:39:41.702,2026-04-20 09:15:41.702,8,36.0,172.8153846153846,79.97223977490806,False,False,False
193,AI208,1,6,20260420,2026-04-20 08:38:41.703,2026-04-20 11:52:41.703,8,194.0,147.73333333333332,73.89407596875976,False,False,False
194,SJ227,3,2,20260420,2026-04-20 08:32:41.704,2026-04-20 12:53:41.704,8,261.0,169.51111111111112,72.0207904509422,False,False,False
195,6F238,2,8,20260420,2026-04-20 08:31:41.704,2026-04-20 09:19:41.704,8,48.0,153.82051282051282,75.2759386296325,False,False,False
196,AI084,1,5,20260420,2026-04-20 08:31:41.702,2026-04-20 09:46:41.702,8,75.0,180.84615384615384,76.7315800998219,False,False,False
197,SJ228,3,2,20260420,2026-04-20 08:29:41.704,2026-04-20 12:16:41.704,8,227.0,169.51111111111112,72.0207904509422,False,False,False
198,UK194,4,28,20260420,2026-04-20 08:26:41.703,2026-04-20 09:26:42.000,8,60.0,163.96969696969697,81.22018100835717,False,False,False
199,6F126,2,1,20260420,2026-04-20 08:21:41.702,2026-04-20 09:39:41.702,8,78.0,171.29166666666666,79.96112053430373,False,False,False
200,SJ052,3,23,20260420,2026-04-20 08:20:41.701,2026-04-20 09:57:41.701,8,97.0,172.8153846153846,79.97223977490806,False,False,False
201,AI233,1,6,20260420,2026-04-20 08:04:41.704,2026-04-20 09:52:41.704,8,108.0,147.73333333333332,73.89407596875976,False,False,False
202,AI213,1,15,20260420,2026-04-20 08:03:41.703,2026-04-20 09:14:41.703,8,71.0,167.15384615384616,88.09934951300937,False,False,False
203,UK076,4,21,20260420,2026-04-20 08:03:41.702,2026-04-20 12:26:41.702,8,263.0,158.54166666666666,85.71742208720094,False,False,False
204,SJ022,3,7,20260420,2026-04-20 07:56:41.701,2026-04-20 11:07:41.701,7,191.0,170.0344827586207,73.42658274894177,False,False,False
205,SJ002,3,10,20260420,2026-04-20 07:54:41.701,2026-04-20 12:40:41.701,7,286.0,178.10714285714286,82.9878792067739,False,False,False
206,AI163,1,14,20260420,2026-04-20 07:45:41.703,2026-04-20 08:46:41.703,7,61.0,152.80701754385964,78.4174813319461,False,False,False
207,UK229,4,13,20260420,2026-04-20 07:40:41.704,2026-04-20 11:57:41.704,7,257.0,185.35714285714286,78.63649665563553,False,False,False
208,UK185,4,9,20260420,2026-04-20 07:31:41.703,2026-04-20 08:48:41.703,7,77.0,178.7826086956522,69.77232879596788,False,False,False
209,6F029,2,26,20260420,2026-04-20 07:31:41.701,2026-04-20 11:45:41.701,7,254.0,176.52173913043478,70.9781461662784,False,False,False
210,6F056,2,16,20260420,2026-04-20 07:00:41.701,2026-04-20 08:49:41.701,7,109.0,183.40740740740742,80.06452170173525,False,False,False
211,AI062,1,11,20260420,2026-04-20 06:49:41.701,2026-04-20 07:25:41.701,6,36.0,155.96153846153845,81.71192361912954,False,False,False
212,UK034,4,7,20260420,2026-04-20 06:47:41.701,2026-04-20 10:11:41.701,6,204.0,170.0344827586207,73.42658274894177,False,False,False
213,UK079,4,7,20260420,2026-04-20 06:43:41.702,2026-04-20 10:34:41.702,6,231.0,170.0344827586207,73.42658274894177,False,False,False
214,AI135,1,6,20260420,2026-04-20 06:40:41.702,2026-04-20 09:21:41.702,6,161.0,147.73333333333332,73.89407596875976,False,False,False
215,SJ061,3,23,20260420,2026-04-20 06:38:41.701,2026-04-20 09:35:41.701,6,177.0,172.8153846153846,79.97223977490806,False,False,False
216,AI047,1,1,20260420,2026-04-20 06:36:41.701,2026-04-20 07:23:41.701,6,47.0,171.29166666666666,79.96112053430373,False,False,False
217,UK210,4,18,20260420,2026-04-20 06:35:41.704,2026-04-20 07:30:41.704,6,55.0,151.73076923076923,87.06437052769988,False,False,False
218,AI088,1,11,20260420,2026-04-20 06:34:41.702,2026-04-20 10:10:41.702,6,216.0,155.96153846153845,81.71192361912954,False,False,False
219,UK177,4,4,20260420,2026-04-20 06:21:41.703,2026-04-20 10:50:41.703,6,269.0,174.75925925925927,75.97192509877934,False,False,False
220,AI128,1,2,20260420,2026-04-20 06:07:41.702,2026-04-20 10:03:41.702,6,236.0,169.51111111111112,72.0207904509422,False,False,False
221,AI158,1,12,20260420,2026-04-20 06:04:41.703,2026-04-20 09:01:41.703,6,177.0,153.61111111111111,76.959941208792,False,False,False
222,UK206,4,23,20260420,2026-04-20 06:01:41.703,2026-04-20 10:34:41.703,6,273.0,172.8153846153846,79.97223977490806,False,False,False
223,SJ138,3,6,20260420,2026-04-20 05:55:41.702,2026-04-20 06:43:41.702,5,48.0,147.73333333333332,73.89407596875976,False,False,False
224,AI034,1,10,20260420,2026-04-20 05:48:41.701,2026-04-20 10:31:41.701,5,283.0,178.10714285714286,82.9878792067739,False,False,False
225,AI012,1,2,20260420,2026-04-20 05:44:41.701,2026-04-20 09:47:41.701,5,243.0,169.51111111111112,72.0207904509422,False,False,False
226,6F083,2,30,20260420,2026-04-20 05:24:41.702,2026-04-20 06:03:41.702,5,39.0,156.94736842105263,85.1668125792687,False,False,False
227,SJ083,3,23,20260420,2026-04-20 05:13:41.702,2026-04-20 08:17:41.702,5,184.0,172.8153846153846,79.97223977490806,False,False,False
228,SJ186,3,12,20260420,2026-04-20 05:11:41.703,2026-04-20 07:22:41.703,5,131.0,153.61111111111111,76.959941208792,False,False,False
229,UK001,4,12,20260420,2026-04-20 05:06:41.700,2026-04-20 06:31:41.700,5,85.0,153.61111111111111,76.959941208792,False,False,False
230,AI217,1,22,20260420,2026-04-20 04:57:41.703,2026-04-20 07:14:41.703,4,137.0,167.35,77.8062877989474,False,False,False
231,6F178,2,2,20260420,2026-04-20 04:48:41.703,2026-04-20 09:11:41.703,4,263.0,169.51111111111112,72.0207904509422,False,False,False
232,UK015,4,6,20260420,2026-04-20 04:46:41.701,2026-04-20 06:33:41.701,4,107.0,147.73333333333332,73.89407596875976,False,False,False
233,AI112,1,7,20260420,2026-04-20 04:41:41.702,2026-04-20 08:24:41.702,4,223.0,170.0344827586207,73.42658274894177,False,False,False
234,UK100,4,22,20260420,2026-04-20 04:40:41.702,2026-04-20 07:12:41.702,4,152.0,167.35,77.8062877989474,False,False,False
235,6F133,2,23,20260420,2026-04-20 04:38:41.702,2026-04-20 06:25:41.702,4,107.0,172.8153846153846,79.97223977490806,False,False,False
236,AI227,1,27,20260420,2026-04-20 04:31:41.703,2026-04-20 08:17:41.703,4,226.0,187.3125,68.64470724923615,False,False,False
237,UK093,4,15,20260420,2026-04-20 04:31:41.702,2026-04-20 05:21:41.702,4,50.0,167.15384615384616,88.09934951300937,False,False,False
238,UK203,4,29,20260420,2026-04-20 04:12:41.703,2026-04-20 05:24:41.703,4,72.0,155.68421052631578,56.33141281891869,False,False,False
239,UK154,4,19,20260420,2026-04-20 04:00:41.703,2026-04-20 07:57:41.703,4,237.0,160.0,82.9511904676479,False,False,False
240,UK073,4,25,20260420,2026-04-20 03:59:41.702,2026-04-20 08:09:41.702,3,250.0,128.52380952380952,75.23338291451412,False,False,False
241,AI164,1,7,20260420,2026-04-20 03:57:41.703,2026-04-20 05:45:41.703,3,108.0,170.0344827586207,73.42658274894177,False,False,False
242,UK008,4,22,20260420,2026-04-20 03:57:41.701,2026-04-20 04:34:41.701,3,37.0,167.35,77.8062877989474,False,False,False
243,UK051,4,13,20260420,2026-04-20 03:55:41.701,2026-04-20 06:55:41.701,3,180.0,185.35714285714286,78.63649665563553,False,False,False
244,UK208,4,18,20260420,2026-04-20 03:54:41.704,2026-04-20 08:51:41.704,3,297.0,151.73076923076923,87.06437052769988,False,False,False
245,AI150,1,8,20260420,2026-04-20 03:51:41.703,2026-04-20 04:38:41.703,3,47.0,153.82051282051282,75.2759386296325,False,False,False
246,AI189,1,12,20260420,2026-04-20 03:44:41.703,2026-04-20 05:32:41.703,3,108.0,153.61111111111111,76.959941208792,False,False,False
247,6F230,2,22,20260420,2026-04-20 03:34:41.704,2026-04-20 06:47:41.704,3,193.0,167.35,77.8062877989474,False,False,False
248,6F169,2,8,20260420,2026-04-20 03:27:41.703,2026-04-20 08:06:41.703,3,279.0,153.82051282051282,75.2759386296325,False,False,False
249,AI205,1,6,20260420,2026-04-20 03:26:41.703,2026-04-20 05:14:41.703,3,108.0,147.73333333333332,73.89407596875976,False,False,False
250,AI103,1,6,20260420,2026-04-20 03:26:41.702,2026-04-20 04:04:41.702,3,38.0,147.73333333333332,73.89407596875976,False,False,False
251,6F250,2,7,20260420,2026-04-20 03:26:41.701,2026-04-20 07:30:41.701,3,244.0,170.0344827586207,73.42658274894177,False,False,False
252,AI246,1,26,20260420,2026-04-20 03:22:41.704,2026-04-20 06:41:41.704,3,199.0,176.52173913043478,70.9781461662784,False,False,False
253,6F187,2,16,20260420,2026-04-20 03:19:41.703,2026-04-20 07:37:41.703,3,258.0,183.40740740740742,80.06452170173525,False,False,False
254,AI082,1,18,20260420,2026-04-20 03:19:41.702,2026-04-20 06:01:41.702,3,162.0,151.73076923076923,87.06437052769988,False,False,False
255,UK116,4,28,20260420,2026-04-20 03:18:41.702,2026-04-20 07:06:41.702,3,228.0,163.96969696969697,81.22018100835717,False,False,False
256,SJ169,3,16,20260420,2026-04-20 03:10:41.703,2026-04-20 07:56:41.703,3,286.0,183.40740740740742,80.06452170173525,False,False,False
257,AI175,1,5,20260420,2026-04-20 03:08:41.703,2026-04-20 06:55:41.703,3,227.0,180.84615384615384,76.7315800998219,False,False,False
258,SJ098,3,14,20260420,2026-04-20 03:02:41.702,2026-04-20 03:37:41.702,3,35.0,152.80701754385964,78.4174813319461,False,False,False
259,SJ191,3,6,20260420,2026-04-20 03:01:41.703,2026-04-20 04:23:41.703,3,82.0,147.73333333333332,73.89407596875976,False,False,False
260,SJ017,3,9,20260420,2026-04-20 02:57:41.701,2026-04-20 05:00:41.701,2,123.0,178.7826086956522,69.77232879596788,False,False,False
261,UK188,4,23,20260420,2026-04-20 02:55:41.703,2026-04-20 03:44:41.703,2,49.0,172.8153846153846,79.97223977490806,False,False,False
262,AI196,1,19,20260420,2026-04-20 02:52:41.703,2026-04-20 04:25:41.703,2,93.0,160.0,82.9511904676479,False,False,False
263,AI068,1,26,20260420,2026-04-20 02:48:41.702,2026-04-20 04:48:42.000,2,120.0,176.52173913043478,70.9781461662784,False,False,False
264,SJ097,3,2,20260420,2026-04-20 02:37:41.702,2026-04-20 05:27:41.702,2,170.0,169.51111111111112,72.0207904509422,False,False,False
265,SJ030,3,4,20260420,2026-04-20 02:36:41.701,2026-04-20 03:19:41.701,2,43.0,174.75925925925927,75.97192509877934,False,False,False
266,6F179,2,14,20260420,2026-04-20 02:25:41.703,2026-04-20 06:40:41.703,2,255.0,152.80701754385964,78.4174813319461,False,False,False
267,6F156,2,3,20260420,2026-04-20 02:23:41.703,2026-04-20 04:57:41.703,2,154.0,176.76190476190476,75.05258474023714,False,False,False
268,6F250,2,22,20260420,2026-04-20 02:23:41.702,2026-04-20 02:56:41.702,2,33.0,167.35,77.8062877989474,False,False,False
269,SJ057,3,2,20260420,2026-04-20 02:17:41.701,2026-04-20 05:29:41.701,2,192.0,169.51111111111112,72.0207904509422,False,False,False
270,6F036,2,22,20260420,2026-04-20 02:14:41.701,2026-04-20 06:57:41.701,2,283.0,167.35,77.8062877989474,False,False,False
271,6F201,2,28,20260420,2026-04-20 02:09:41.703,2026-04-20 06:49:41.703,2,280.0,163.96969696969697,81.22018100835717,False,False,False
272,6F143,2,12,20260420,2026-04-20 02:09:41.702,2026-04-20 06:08:41.702,2,239.0,153.61111111111111,76.959941208792,False,False,False
273,6F177,2,14,20260420,2026-04-20 02:03:41.703,2026-04-20 04:25:41.703,2,142.0,152.80701754385964,78.4174813319461,False,False,False
274,6F031,2,26,20260420,2026-04-20 02:00:41.701,2026-04-20 06:37:41.701,2,277.0,176.52173913043478,70.9781461662784,False,False,False
275,UK165,4,7,20260420,2026-04-20 01:51:41.703,2026-04-20 06:04:41.703,1,253.0,170.0344827586207,73.42658274894177,False,False,False
276,6F122,2,7,20260420,2026-04-20 01:44:41.702,2026-04-20 05:28:41.702,1,224.0,170.0344827586207,73.42658274894177,False,False,False
277,AI009,1,18,20260420,2026-04-20 01:31:41.701,2026-04-20 04:05:41.701,1,154.0,151.73076923076923,87.06437052769988,False,False,False
278,6F046,2,7,20260420,2026-04-20 01:27:41.701,2026-04-20 05:08:41.701,1,221.0,170.0344827586207,73.42658274894177,False,False,False
279,AI051,1,23,20260420,2026-04-20 01:27:41.701,2026-04-20 02:22:41.701,1,55.0,172.8153846153846,79.97223977490806,False,False,False
280,UK222,4,2,20260420,2026-04-20 01:22:41.704,2026-04-20 02:57:41.704,1,95.0,169.51111111111112,72.0207904509422,False,False,False
281,SJ127,3,8,20260420,2026-04-20 01:21:41.702,2026-04-20 03:58:41.702,1,157.0,153.82051282051282,75.2759386296325,False,False,False
282,AI226,1,29,20260420,2026-04-20 01:19:41.703,2026-04-20 04:08:41.703,1,169.0,155.68421052631578,56.33141281891869,False,False,False
283,AI216,1,2,20260420,2026-04-20 01:10:41.703,2026-04-20 02:34:41.703,1,84.0,169.51111111111112,72.0207904509422,False,False,False
284,6F058,2,2,20260420,2026-04-20 01:04:41.701,2026-04-20 03:33:41.701,1,149.0,169.51111111111112,72.0207904509422,False,False,False
285,SJ207,3,18,20260420,2026-04-20 00:52:41.703,2026-04-20 04:05:41.703,0,193.0,151.73076923076923,87.06437052769988,False,False,False
286,SJ198,3,28,20260420,2026-04-20 00:47:41.703,2026-04-20 05:28:41.703,0,281.0,163.96969696969697,81.22018100835717,False,False,False
287,SJ108,3,29,20260420,2026-04-20 00:40:41.702,2026-04-20 03:16:41.702,0,156.0,155.68421052631578,56.33141281891869,False,False,False
288,SJ155,3,18,20260420,2026-04-20 00:38:41.702,2026-04-20 05:38:41.702,0,300.0,151.73076923076923,87.06437052769988,False,False,False
289,6F193,2,16,20260420,2026-04-20 00:34:41.703,2026-04-20 02:32:41.703,0,118.0,183.40740740740742,80.06452170173525,False,False,False
290,6F019,2,6,20260420,2026-04-20 00:19:41.701,2026-04-20 04:14:41.701,0,235.0,147.73333333333332,73.89407596875976,False,False,False
291,AI102,1,22,20260420,2026-04-20 00:17:41.702,2026-04-20 05:08:41.702,0,291.0,167.35,77.8062877989474,False,False,False
292,6F166,2,2,20260420,2026-04-20 00:03:41.703,2026-04-20 04:33:41.703,0,270.0,169.51111111111112,72.0207904509422,False,False,False
293,UK175,4,6,20260419,2026-04-19 23:56:41.703,2026-04-20 03:18:41.703,23,202.0,147.73333333333332,73.89407596875976,False,False,False
294,6F010,2,7,20260419,2026-04-19 23:53:41.701,2026-04-20 03:44:41.701,23,231.0,170.0344827586207,73.42658274894177,False,False,False
295,AI234,1,16,20260419,2026-04-19 23:50:41.704,2026-04-20 01:34:41.704,23,104.0,183.40740740740742,80.06452170173525,False,False,False
296,UK135,4,13,20260419,2026-04-19 23:50:41.702,2026-04-20 01:43:41.702,23,113.0,185.35714285714286,78.63649665563553,False,False,False
297,6F272,2,14,20260419,2026-04-19 23:35:41.702,2026-04-20 00:22:41.702,23,47.0,152.80701754385964,78.4174813319461,False,False,False
298,AI061,1,2,20260419,2026-04-19 23:31:41.701,2026-04-20 01:02:41.701,23,91.0,169.51111111111112,72.0207904509422,False,False,False
299,6F070,2,13,20260419,2026-04-19 23:23:41.701,2026-04-20 02:24:41.701,23,181.0,185.35714285714286,78.63649665563553,False,False,False
300,AI015,1,25,20260419,2026-04-19 23:21:41.701,2026-04-20 01:15:41.701,23,114.0,128.52380952380952,75.23338291451412,False,False,False
301,SJ076,3,9,20260419,2026-04-19 23:01:41.701,2026-04-20 02:02:41.701,23,181.0,178.7826086956522,69.77232879596788,False,False,False
302,SJ029,3,13,20260419,2026-04-19 22:55:41.701,2026-04-20 00:22:41.701,22,87.0,185.35714285714286,78.63649665563553,False,False,False
303,SJ194,3,12,20260419,2026-04-19 22:46:41.703,2026-04-20 02:31:41.703,22,225.0,153.61111111111111,76.959941208792,False,False,False
304,AI235,1,29,20260419,2026-04-19 22:45:41.704,2026-04-20 02:12:41.704,22,207.0,155.68421052631578,56.33141281891869,False,False,False
305,SJ048,3,23,20260419,2026-04-19 22:43:41.701,2026-04-20 00:19:41.701,22,96.0,172.8153846153846,79.97223977490806,False,False,False
306,SJ114,3,13,20260419,2026-04-19 22:42:41.702,2026-04-20 02:02:41.702,22,200.0,185.35714285714286,78.63649665563553,False,False,False
307,SJ146,3,24,20260419,2026-04-19 22:37:41.702,2026-04-20 00:33:41.702,22,116.0,162.76923076923077,80.76202458695928,False,False,False
308,UK041,4,14,20260419,2026-04-19 22:37:41.701,2026-04-19 23:44:41.701,22,67.0,152.80701754385964,78.4174813319461,False,False,False
309,6F075,2,2,20260419,2026-04-19 22:20:41.702,2026-04-20 03:02:41.702,22,282.0,169.51111111111112,72.0207904509422,False,False,False
310,SJ020,3,6,20260419,2026-04-19 22:18:41.701,2026-04-20 02:27:41.701,22,249.0,147.73333333333332,73.89407596875976,False,False,False
311,SJ099,3,23,20260419,2026-04-19 22:14:41.702,2026-04-20 00:34:41.702,22,140.0,172.8153846153846,79.97223977490806,False,False,False
312,6F078,2,2,20260419,2026-04-19 22:04:41.702,2026-04-19 23:37:41.702,22,93.0,169.51111111111112,72.0207904509422,False,False,False
313,UK219,4,5,20260419,2026-04-19 22:03:41.704,2026-04-20 02:21:41.704,22,258.0,180.84615384615384,76.7315800998219,False,False,False
314,UK223,4,12,20260419,2026-04-19 21:58:41.704,2026-04-19 22:30:41.704,21,32.0,153.61111111111111,76.959941208792,False,False,False
315,UK227,4,5,20260419,2026-04-19 21:57:41.704,2026-04-20 01:47:41.704,21,230.0,180.84615384615384,76.7315800998219,False,False,False
316,6F260,2,12,20260419,2026-04-19 21:51:41.702,2026-04-20 01:14:41.702,21,203.0,153.61111111111111,76.959941208792,False,False,False
317,AI096,1,12,20260419,2026-04-19 21:48:41.702,2026-04-20 02:46:41.702,21,298.0,153.61111111111111,76.959941208792,False,False,False
318,6F022,2,23,20260419,2026-04-19 21:46:41.701,2026-04-20 02:05:41.701,21,259.0,172.8153846153846,79.97223977490806,False,False,False
319,6F237,2,14,20260419,2026-04-19 21:41:41.704,2026-04-20 00:44:41.704,21,183.0,152.80701754385964,78.4174813319461,False,False,False
320,UK146,4,16,20260419,2026-04-19 21:40:41.703,2026-04-20 00:08:41.703,21,148.0,183.40740740740742,80.06452170173525,False,False,False
321,SJ015,3,2,20260419,2026-04-19 21:40:41.701,2026-04-19 22:52:41.701,21,72.0,169.51111111111112,72.0207904509422,False,False,False
322,AI108,1,25,20260419,2026-04-19 21:32:41.702,2026-04-20 00:17:41.702,21,165.0,128.52380952380952,75.23338291451412,False,False,False
323,UK020,4,23,20260419,2026-04-19 21:23:41.701,2026-04-19 22:38:41.701,21,75.0,172.8153846153846,79.97223977490806,False,False,False
324,6F113,2,2,20260419,2026-04-19 21:04:41.702,2026-04-20 01:30:41.702,21,266.0,169.51111111111112,72.0207904509422,False,False,False
325,6F112,2,13,20260419,2026-04-19 21:00:41.702,2026-04-19 23:16:41.702,21,136.0,185.35714285714286,78.63649665563553,False,False,False
326,6F246,2,13,20260419,2026-04-19 21:00:41.702,2026-04-19 23:16:41.702,21,136.0,185.35714285714286,78.63649665563553,False,False,False
327,UK158,4,16,20260419,2026-04-19 20:49:41.703,2026-04-19 21:22:41.703,20,33.0,183.40740740740742,80.06452170173525,False,False,False
328,UK159,4,22,20260419,2026-04-19 20:45:41.703,2026-04-19 23:32:41.703,20,167.0,167.35,77.8062877989474,False,False,False
329,UK084,4,11,20260419,2026-04-19 20:44:41.702,2026-04-20 00:20:41.702,20,216.0,155.96153846153845,81.71192361912954,False,False,False
330,SJ206,3,18,20260419,2026-04-19 20:43:41.703,2026-04-20 01:21:41.703,20,278.0,151.73076923076923,87.06437052769988,False,False,False
331,UK044,4,6,20260419,2026-04-19 20:31:41.701,2026-04-19 23:29:41.701,20,178.0,147.73333333333332,73.89407596875976,False,False,False
332,SJ036,3,4,20260419,2026-04-19 20:24:41.701,2026-04-19 23:54:41.701,20,210.0,174.75925925925927,75.97192509877934,False,False,False
333,6F176,2,12,20260419,2026-04-19 20:23:42.000,2026-04-19 23:23:42.000,20,180.0,153.61111111111111,76.959941208792,False,False,False
334,6F148,2,28,20260419,2026-04-19 20:23:41.703,2026-04-19 22:30:41.703,20,127.0,163.96969696969697,81.22018100835717,False,False,False
335,6F202,2,24,20260419,2026-04-19 20:18:41.703,2026-04-19 23:48:41.703,20,210.0,162.76923076923077,80.76202458695928,False,False,False
336,6F071,2,18,20260419,2026-04-19 20:18:41.702,2026-04-20 00:31:41.702,20,253.0,151.73076923076923,87.06437052769988,False,False,False
337,AI105,1,12,20260419,2026-04-19 20:16:41.702,2026-04-19 22:03:41.702,20,107.0,153.61111111111111,76.959941208792,False,False,False
338,AI241,1,24,20260419,2026-04-19 20:11:41.704,2026-04-19 22:18:41.704,20,127.0,162.76923076923077,80.76202458695928,False,False,False
339,SJ162,3,4,20260419,2026-04-19 20:11:41.703,2026-04-19 22:30:41.703,20,139.0,174.75925925925927,75.97192509877934,False,False,False
340,6F003,2,17,20260419,2026-04-19 20:06:41.700,2026-04-19 23:13:41.700,20,187.0,155.4814814814815,86.09939264074637,False,False,False
341,6F249,2,17,20260419,2026-04-19 20:06:41.700,2026-04-19 23:13:41.700,20,187.0,155.4814814814815,86.09939264074637,False,False,False
342,AI237,1,2,20260419,2026-04-19 19:58:41.704,2026-04-19 23:13:41.704,19,195.0,169.51111111111112,72.0207904509422,False,False,False
343,SJ134,3,2,20260419,2026-04-19 19:58:41.702,2026-04-20 00:15:41.702,19,257.0,169.51111111111112,72.0207904509422,False,False,False
344,AI071,1,16,20260419,2026-04-19 19:55:41.702,2026-04-19 22:58:41.702,19,183.0,183.40740740740742,80.06452170173525,False,False,False
345,6F118,2,20,20260419,2026-04-19 19:52:41.702,2026-04-19 21:01:41.702,19,69.0,152.23809523809524,70.13480217545691,False,False,False
346,6F014,2,9,20260419,2026-04-19 19:42:41.701,2026-04-19 23:15:41.701,19,213.0,178.7826086956522,69.77232879596788,False,False,False
347,6F065,2,23,20260419,2026-04-19 19:40:41.701,2026-04-19 22:23:41.701,19,163.0,172.8153846153846,79.97223977490806,False,False,False
348,6F271,2,14,20260419,2026-04-19 19:33:41.702,2026-04-19 22:52:41.702,19,199.0,152.80701754385964,78.4174813319461,False,False,False
349,SJ070,3,21,20260419,2026-04-19 18:55:41.701,2026-04-19 20:48:41.701,18,113.0,158.54166666666666,85.71742208720094,False,False,False
350,6F007,2,14,20260419,2026-04-19 18:55:41.701,2026-04-19 19:54:41.701,18,59.0,152.80701754385964,78.4174813319461,False,False,False
351,UK007,4,4,20260419,2026-04-19 18:50:41.701,2026-04-19 21:04:41.701,18,134.0,174.75925925925927,75.97192509877934,False,False,False
352,SJ192,3,17,20260419,2026-04-19 18:45:42.000,2026-04-19 23:45:42.000,18,300.0,155.4814814814815,86.09939264074637,True,False,False
353,AI097,1,14,20260419,2026-04-19 18:42:41.702,2026-04-19 23:34:41.702,18,292.0,152.80701754385964,78.4174813319461,False,False,False
354,6F256,2,2,20260419,2026-04-19 18:40:41.702,2026-04-19 19:13:41.702,18,33.0,169.51111111111112,72.0207904509422,False,False,False
355,UK047,4,29,20260419,2026-04-19 18:40:41.701,2026-04-19 22:45:41.701,18,245.0,155.68421052631578,56.33141281891869,False,False,False
356,AI024,1,3,20260419,2026-04-19 18:38:41.701,2026-04-19 19:45:41.701,18,67.0,176.76190476190476,75.05258474023714,False,False,False
357,UK113,4,12,20260419,2026-04-19 18:34:41.702,2026-04-19 22:58:41.702,18,264.0,153.61111111111111,76.959941208792,False,False,False
358,SJ163,3,4,20260419,2026-04-19 18:32:41.703,2026-04-19 23:08:41.703,18,276.0,174.75925925925927,75.97192509877934,False,False,False
359,SJ208,3,4,20260419,2026-04-19 18:32:41.703,2026-04-19 19:33:41.703,18,61.0,174.75925925925927,75.97192509877934,False,False,False
360,SJ221,3,19,20260419,2026-04-19 18:31:41.703,2026-04-19 23:17:41.703,18,286.0,160.0,82.9511904676479,False,False,False
361,SJ084,3,14,20260419,2026-04-19 18:31:41.702,2026-04-19 19:30:41.702,18,59.0,152.80701754385964,78.4174813319461,False,False,False
362,6F127,2,17,20260419,2026-04-19 18:27:41.702,2026-04-19 22:28:41.702,18,241.0,155.4814814814815,86.09939264074637,False,False,False
363,AI122,1,2,20260419,2026-04-19 18:25:41.702,2026-04-19 22:36:41.702,18,251.0,169.51111111111112,72.0207904509422,False,False,False
364,AI139,1,14,20260419,2026-04-19 18:23:41.702,2026-04-19 19:24:41.702,18,61.0,152.80701754385964,78.4174813319461,False,False,False
365,UK149,4,11,20260419,2026-04-19 18:22:41.703,2026-04-19 23:08:41.703,18,286.0,155.96153846153845,81.71192361912954,False,False,False
366,AI149,1,5,20260419,2026-04-19 18:19:41.703,2026-04-19 21:36:41.703,18,197.0,180.84615384615384,76.7315800998219,False,False,False
367,SJ243,3,30,20260419,2026-04-19 18:17:41.704,2026-04-19 23:03:41.704,18,286.0,156.94736842105263,85.1668125792687,False,False,False
368,AI053,1,12,20260419,2026-04-19 18:04:41.701,2026-04-19 22:19:41.701,18,255.0,153.61111111111111,76.959941208792,False,False,False
369,UK061,4,6,20260419,2026-04-19 17:58:41.701,2026-04-19 19:48:41.701,17,110.0,147.73333333333332,73.89407596875976,False,False,False
370,SJ004,3,11,20260419,2026-04-19 17:52:41.701,2026-04-19 21:01:41.701,17,189.0,155.96153846153845,81.71192361912954,False,False,False
371,AI173,1,13,20260419,2026-04-19 17:36:41.703,2026-04-19 22:27:41.703,17,291.0,185.35714285714286,78.63649665563553,False,False,False
372,6F085,2,14,20260419,2026-04-19 17:32:41.702,2026-04-19 19:32:42.000,17,120.0,152.80701754385964,78.4174813319461,False,False,False
373,AI252,1,13,20260419,2026-04-19 17:30:41.704,2026-04-19 21:54:41.704,17,264.0,185.35714285714286,78.63649665563553,False,False,False
374,SJ109,3,8,20260419,2026-04-19 17:24:41.702,2026-04-19 20:28:41.702,17,184.0,153.82051282051282,75.2759386296325,False,False,False
375,UK123,4,8,20260419,2026-04-19 17:24:41.702,2026-04-19 20:18:41.702,17,174.0,153.82051282051282,75.2759386296325,False,False,False
376,6F125,2,2,20260419,2026-04-19 17:09:41.702,2026-04-19 21:13:41.702,17,244.0,169.51111111111112,72.0207904509422,False,False,False
377,UK183,4,25,20260419,2026-04-19 17:07:41.703,2026-04-19 18:30:41.703,17,83.0,128.52380952380952,75.23338291451412,False,False,False
378,AI110,1,2,20260419,2026-04-19 17:07:41.702,2026-04-19 22:00:41.702,17,293.0,169.51111111111112,72.0207904509422,False,False,False
379,UK105,4,20,20260419,2026-04-19 17:04:41.702,2026-04-19 18:11:41.702,17,67.0,152.23809523809524,70.13480217545691,False,False,False
380,6F128,2,13,20260419,2026-04-19 16:56:41.702,2026-04-19 18:03:41.702,16,67.0,185.35714285714286,78.63649665563553,False,False,False
381,6F224,2,9,20260419,2026-04-19 16:53:41.704,2026-04-19 18:52:41.704,16,119.0,178.7826086956522,69.77232879596788,False,False,False
382,SJ130,3,8,20260419,2026-04-19 16:53:41.702,2026-04-19 20:53:41.702,16,240.0,153.82051282051282,75.2759386296325,False,False,False
383,AI224,1,4,20260419,2026-04-19 16:51:41.703,2026-04-19 21:36:41.703,16,285.0,174.75925925925927,75.97192509877934,False,False,False
384,SJ182,3,28,20260419,2026-04-19 16:48:41.703,2026-04-19 17:36:41.703,16,48.0,163.96969696969697,81.22018100835717,False,False,False
385,UK164,4,5,20260419,2026-04-19 16:46:41.703,2026-04-19 21:10:41.703,16,264.0,180.84615384615384,76.7315800998219,False,False,False
386,AI161,1,28,20260419,2026-04-19 16:40:41.703,2026-04-19 19:40:41.703,16,180.0,163.96969696969697,81.22018100835717,False,False,False
387,6F206,2,10,20260419,2026-04-19 16:39:41.703,2026-04-19 20:59:41.703,16,260.0,178.10714285714286,82.9878792067739,False,False,False
388,SJ204,3,12,20260419,2026-04-19 16:34:41.703,2026-04-19 18:15:41.703,16,101.0,153.61111111111111,76.959941208792,False,False,False
389,AI206,1,1,20260419,2026-04-19 16:30:41.703,2026-04-19 20:01:41.703,16,211.0,171.29166666666666,79.96112053430373,False,False,False
390,6F140,2,20,20260419,2026-04-19 16:30:41.702,2026-04-19 18:21:41.702,16,111.0,152.23809523809524,70.13480217545691,False,False,False
391,6F253,2,23,20260419,2026-04-19 16:26:41.703,2026-04-19 18:24:41.703,16,118.0,172.8153846153846,79.97223977490806,False,False,False
392,SJ203,3,4,20260419,2026-04-19 16:22:41.703,2026-04-19 18:27:41.703,16,125.0,174.75925925925927,75.97192509877934,False,False,False
393,SJ161,3,23,20260419,2026-04-19 16:22:41.703,2026-04-19 17:04:41.703,16,42.0,172.8153846153846,79.97223977490806,False,False,False
394,AI098,1,14,20260419,2026-04-19 16:01:41.702,2026-04-19 18:11:41.702,16,130.0,152.80701754385964,78.4174813319461,False,False,False
395,AI168,1,18,20260419,2026-04-19 15:50:41.703,2026-04-19 20:20:41.703,15,270.0,151.73076923076923,87.06437052769988,False,False,False
396,UK190,4,7,20260419,2026-04-19 15:49:41.703,2026-04-19 18:53:41.703,15,184.0,170.0344827586207,73.42658274894177,False,False,False
397,AI085,1,4,20260419,2026-04-19 15:45:41.702,2026-04-19 20:33:41.702,15,288.0,174.75925925925927,75.97192509877934,False,False,False
398,AI076,1,6,20260419,2026-04-19 15:37:41.702,2026-04-19 16:12:41.702,15,35.0,147.73333333333332,73.89407596875976,False,False,False
399,UK130,4,23,20260419,2026-04-19 15:36:41.702,2026-04-19 19:43:41.702,15,247.0,172.8153846153846,79.97223977490806,False,False,False
400,6F038,2,14,20260419,2026-04-19 15:36:41.701,2026-04-19 19:33:41.701,15,237.0,152.80701754385964,78.4174813319461,False,False,False
401,UK110,4,13,20260419,2026-04-19 15:26:41.702,2026-04-19 20:13:41.702,15,287.0,185.35714285714286,78.63649665563553,False,False,False
402,SJ013,3,9,20260419,2026-04-19 15:25:41.701,2026-04-19 19:54:41.701,15,269.0,178.7826086956522,69.77232879596788,False,False,False
403,AI039,1,23,20260419,2026-04-19 15:24:41.701,2026-04-19 18:56:41.701,15,212.0,172.8153846153846,79.97223977490806,False,False,False
404,AI248,1,12,20260419,2026-04-19 15:17:41.704,2026-04-19 16:35:41.704,15,78.0,153.61111111111111,76.959941208792,False,False,False
405,6F199,2,9,20260419,2026-04-19 15:15:41.703,2026-04-19 17:32:41.703,15,137.0,178.7826086956522,69.77232879596788,False,False,False
406,AI225,1,26,20260419,2026-04-19 15:05:41.703,2026-04-19 16:01:41.703,15,56.0,176.52173913043478,70.9781461662784,False,False,False
407,SJ028,3,28,20260419,2026-04-19 15:04:41.701,2026-04-19 19:32:41.701,15,268.0,163.96969696969697,81.22018100835717,False,False,False
408,SJ012,3,24,20260419,2026-04-19 15:01:41.701,2026-04-19 16:12:41.701,15,71.0,162.76923076923077,80.76202458695928,False,False,False
409,SJ131,3,19,20260419,2026-04-19 15:00:41.702,2026-04-19 16:07:41.702,15,67.0,160.0,82.9511904676479,False,False,False
410,AI010,1,5,20260419,2026-04-19 15:00:41.701,2026-04-19 19:48:41.701,15,288.0,180.84615384615384,76.7315800998219,False,False,False
411,6F020,2,5,20260419,2026-04-19 14:58:41.701,2026-04-19 16:43:41.701,14,105.0,180.84615384615384,76.7315800998219,False,False,False
412,SJ038,3,30,20260419,2026-04-19 14:57:41.701,2026-04-19 17:46:41.701,14,169.0,156.94736842105263,85.1668125792687,False,False,False
413,UK204,4,30,20260419,2026-04-19 14:46:41.703,2026-04-19 16:24:41.703,14,98.0,156.94736842105263,85.1668125792687,False,False,False
414,AI036,1,2,20260419,2026-04-19 14:45:41.701,2026-04-19 16:16:41.701,14,91.0,169.51111111111112,72.0207904509422,False,False,False
415,AI100,1,28,20260419,2026-04-19 14:42:41.702,2026-04-19 18:22:41.702,14,220.0,163.96969696969697,81.22018100835717,False,False,False
416,SJ215,3,12,20260419,2026-04-19 14:37:41.703,2026-04-19 16:12:41.703,14,95.0,153.61111111111111,76.959941208792,False,False,False
417,UK155,4,19,20260419,2026-04-19 14:34:41.703,2026-04-19 18:37:41.703,14,243.0,160.0,82.9511904676479,False,False,False
418,SJ173,3,20,20260419,2026-04-19 14:27:41.703,2026-04-19 16:09:41.703,14,102.0,152.23809523809524,70.13480217545691,False,False,False
419,UK179,4,4,20260419,2026-04-19 14:25:41.703,2026-04-19 19:15:41.703,14,290.0,174.75925925925927,75.97192509877934,False,False,False
420,UK221,4,12,20260419,2026-04-19 14:18:41.704,2026-04-19 18:44:41.704,14,266.0,153.61111111111111,76.959941208792,False,False,False
421,UK023,4,9,20260419,2026-04-19 14:15:41.701,2026-04-19 19:03:41.701,14,288.0,178.7826086956522,69.77232879596788,False,False,False
422,SJ107,3,16,20260419,2026-04-19 14:10:41.702,2026-04-19 18:38:41.702,14,268.0,183.40740740740742,80.06452170173525,False,False,False
423,AI073,1,26,20260419,2026-04-19 14:08:41.702,2026-04-19 16:10:41.702,14,122.0,176.52173913043478,70.9781461662784,False,False,False
424,SJ187,3,23,20260419,2026-04-19 14:07:41.703,2026-04-19 17:30:41.703,14,203.0,172.8153846153846,79.97223977490806,False,False,False
425,UK058,4,3,20260419,2026-04-19 13:46:41.701,2026-04-19 17:04:41.701,13,198.0,176.76190476190476,75.05258474023714,False,False,False
426,SJ063,3,3,20260419,2026-04-19 13:38:41.701,2026-04-19 15:23:41.701,13,105.0,176.76190476190476,75.05258474023714,False,False,False
427,SJ062,3,29,20260419,2026-04-19 13:37:41.701,2026-04-19 17:06:41.701,13,209.0,155.68421052631578,56.33141281891869,False,False,False
428,UK048,4,11,20260419,2026-04-19 13:36:41.701,2026-04-19 18:21:41.701,13,285.0,155.96153846153845,81.71192361912954,False,False,False
429,AI181,1,19,20260419,2026-04-19 13:29:41.703,2026-04-19 16:55:41.703,13,206.0,160.0,82.9511904676479,False,False,False
430,AI003,1,29,20260419,2026-04-19 13:27:41.701,2026-04-19 16:55:41.701,13,208.0,155.68421052631578,56.33141281891869,False,False,False
431,6F041,2,3,20260419,2026-04-19 13:19:41.701,2026-04-19 16:48:41.701,13,209.0,176.76190476190476,75.05258474023714,False,False,False
432,6F175,2,21,20260419,2026-04-19 13:18:41.703,2026-04-19 15:13:41.703,13,115.0,158.54166666666666,85.71742208720094,False,False,False
433,6F013,2,2,20260419,2026-04-19 13:15:41.701,2026-04-19 18:05:41.701,13,290.0,169.51111111111112,72.0207904509422,False,False,False
434,SJ040,3,2,20260419,2026-04-19 13:12:41.701,2026-04-19 16:44:41.701,13,212.0,169.51111111111112,72.0207904509422,False,False,False
435,SJ016,3,15,20260419,2026-04-19 13:01:41.701,2026-04-19 16:26:41.701,13,205.0,167.15384615384616,88.09934951300937,False,False,False
436,6F135,2,19,20260419,2026-04-19 12:59:41.702,2026-04-19 13:45:41.702,12,46.0,160.0,82.9511904676479,False,False,False
437,6F150,2,14,20260419,2026-04-19 12:55:41.703,2026-04-19 16:53:41.703,12,238.0,152.80701754385964,78.4174813319461,False,False,False
438,AI083,1,10,20260419,2026-04-19 12:54:41.702,2026-04-19 13:37:41.702,12,43.0,178.10714285714286,82.9878792067739,False,False,False
439,SJ166,3,20,20260419,2026-04-19 12:51:41.703,2026-04-19 16:18:41.703,12,207.0,152.23809523809524,70.13480217545691,False,False,False
440,SJ027,3,16,20260419,2026-04-19 12:50:41.701,2026-04-19 17:13:41.701,12,263.0,183.40740740740742,80.06452170173525,False,False,False
441,6F134,2,27,20260419,2026-04-19 12:47:41.702,2026-04-19 14:06:41.702,12,79.0,187.3125,68.64470724923615,False,False,False
442,UK225,4,23,20260419,2026-04-19 12:46:41.704,2026-04-19 15:02:41.704,12,136.0,172.8153846153846,79.97223977490806,False,False,False
443,SJ175,3,23,20260419,2026-04-19 12:46:41.703,2026-04-19 16:50:41.703,12,244.0,172.8153846153846,79.97223977490806,False,False,False
444,AI182,1,13,20260419,2026-04-19 12:41:41.703,2026-04-19 17:14:41.703,12,273.0,185.35714285714286,78.63649665563553,False,False,False
445,AI190,1,2,20260419,2026-04-19 12:38:41.703,2026-04-19 15:56:41.703,12,198.0,169.51111111111112,72.0207904509422,False,False,False
446,AI120,1,21,20260419,2026-04-19 12:12:41.702,2026-04-19 14:18:41.702,12,126.0,158.54166666666666,85.71742208720094,False,False,False
447,6F132,2,3,20260419,2026-04-19 12:00:41.702,2026-04-19 13:00:42.000,12,60.0,176.76190476190476,75.05258474023714,False,False,False
448,UK102,4,15,20260419,2026-04-19 11:58:41.702,2026-04-19 14:01:41.702,11,123.0,167.15384615384616,88.09934951300937,False,False,False
449,AI045,1,14,20260419,2026-04-19 11:58:41.701,2026-04-19 14:37:41.701,11,159.0,152.80701754385964,78.4174813319461,False,False,False
450,UK136,4,15,20260419,2026-04-19 11:43:41.703,2026-04-19 15:26:41.703,11,223.0,167.15384615384616,88.09934951300937,False,False,False
451,SJ238,3,23,20260419,2026-04-19 11:41:41.704,2026-04-19 15:39:41.704,11,238.0,172.8153846153846,79.97223977490806,False,False,False
452,AI193,1,19,20260419,2026-04-19 11:33:41.703,2026-04-19 16:07:41.703,11,274.0,160.0,82.9511904676479,False,False,False
453,6F001,2,17,20260419,2026-04-19 11:33:41.700,2026-04-19 13:08:41.700,11,95.0,155.4814814814815,86.09939264074637,False,False,False
454,6F211,2,23,20260419,2026-04-19 11:29:41.703,2026-04-19 16:20:41.703,11,291.0,172.8153846153846,79.97223977490806,False,False,False
455,SJ199,3,17,20260419,2026-04-19 11:29:41.703,2026-04-19 13:59:41.703,11,150.0,155.4814814814815,86.09939264074637,False,False,False
456,SJ050,3,15,20260419,2026-04-19 11:24:41.701,2026-04-19 12:03:41.701,11,39.0,167.15384615384616,88.09934951300937,False,False,False
457,UK115,4,6,20260419,2026-04-19 11:20:41.702,2026-04-19 13:20:42.000,11,120.0,147.73333333333332,73.89407596875976,False,False,False
458,AI037,1,26,20260419,2026-04-19 11:14:41.701,2026-04-19 15:13:41.701,11,239.0,176.52173913043478,70.9781461662784,False,False,False
459,6F235,2,14,20260419,2026-04-19 11:06:41.704,2026-04-19 13:51:41.704,11,165.0,152.80701754385964,78.4174813319461,False,False,False
460,UK111,4,23,20260419,2026-04-19 11:06:41.702,2026-04-19 12:20:41.702,11,74.0,172.8153846153846,79.97223977490806,False,False,False
461,6F005,2,16,20260419,2026-04-19 11:04:41.701,2026-04-19 15:27:41.701,11,263.0,183.40740740740742,80.06452170173525,False,False,False
462,AI198,1,1,20260419,2026-04-19 10:56:41.703,2026-04-19 14:19:41.703,10,203.0,171.29166666666666,79.96112053430373,False,False,False
463,UK184,4,19,20260419,2026-04-19 10:49:41.703,2026-04-19 13:00:41.703,10,131.0,160.0,82.9511904676479,False,False,False
464,6F219,2,11,20260419,2026-04-19 10:32:41.704,2026-04-19 14:37:41.704,10,245.0,155.96153846153845,81.71192361912954,False,False,False
465,UK066,4,2,20260419,2026-04-19 10:29:41.701,2026-04-19 12:07:41.701,10,98.0,169.51111111111112,72.0207904509422,False,False,False
466,6F220,2,17,20260419,2026-04-19 10:27:41.704,2026-04-19 11:25:41.704,10,58.0,155.4814814814815,86.09939264074637,False,False,False
467,AI180,1,2,20260419,2026-04-19 10:19:41.703,2026-04-19 11:00:41.703,10,41.0,169.51111111111112,72.0207904509422,False,False,False
468,6F098,2,27,20260419,2026-04-19 10:18:41.702,2026-04-19 12:49:41.702,10,151.0,187.3125,68.64470724923615,False,False,False
469,AI141,1,30,20260419,2026-04-19 10:16:41.702,2026-04-19 14:53:41.702,10,277.0,156.94736842105263,85.1668125792687,False,False,False
470,SJ170,3,6,20260419,2026-04-19 10:11:41.703,2026-04-19 11:56:41.703,10,105.0,147.73333333333332,73.89407596875976,False,False,False
471,SJ178,3,5,20260419,2026-04-19 09:58:41.703,2026-04-19 12:27:41.703,9,149.0,180.84615384615384,76.7315800998219,False,False,False
472,6F172,2,26,20260419,2026-04-19 09:53:41.703,2026-04-19 14:46:41.703,9,293.0,176.52173913043478,70.9781461662784,False,False,False
473,UK220,4,6,20260419,2026-04-19 09:51:41.704,2026-04-19 13:25:41.704,9,214.0,147.73333333333332,73.89407596875976,False,False,False
474,SJ148,3,7,20260419,2026-04-19 09:51:41.702,2026-04-19 13:41:41.702,9,230.0,170.0344827586207,73.42658274894177,False,False,False
475,UK065,4,2,20260419,2026-04-19 09:38:41.701,2026-04-19 13:46:41.701,9,248.0,169.51111111111112,72.0207904509422,False,False,False
476,6F243,2,5,20260419,2026-04-19 09:37:41.704,2026-04-19 10:33:41.704,9,56.0,180.84615384615384,76.7315800998219,False,False,False
477,SJ193,3,12,20260419,2026-04-19 09:37:41.703,2026-04-19 12:16:41.703,9,159.0,153.61111111111111,76.959941208792,False,False,False
478,UK056,4,14,20260419,2026-04-19 09:29:41.701,2026-04-19 10:15:41.701,9,46.0,152.80701754385964,78.4174813319461,False,False,False
479,AI219,1,30,20260419,2026-04-19 09:28:41.703,2026-04-19 11:27:41.703,9,119.0,156.94736842105263,85.1668125792687,False,False,False
480,SJ073,3,22,20260419,2026-04-19 09:26:41.701,2026-04-19 11:14:41.701,9,108.0,167.35,77.8062877989474,False,False,False
481,6F052,2,2,20260419,2026-04-19 09:13:41.701,2026-04-19 12:02:41.701,9,169.0,169.51111111111112,72.0207904509422,False,False,False
482,SJ201,3,30,20260419,2026-04-19 09:10:41.703,2026-04-19 11:12:41.703,9,122.0,156.94736842105263,85.1668125792687,False,False,False
483,UK028,4,14,20260419,2026-04-19 09:02:41.701,2026-04-19 10:37:41.701,9,95.0,152.80701754385964,78.4174813319461,False,False,False
484,SJ119,3,2,20260419,2026-04-19 08:53:41.702,2026-04-19 11:29:41.702,8,156.0,169.51111111111112,72.0207904509422,False,False,False
485,AI165,1,18,20260419,2026-04-19 08:51:41.703,2026-04-19 10:31:41.703,8,100.0,151.73076923076923,87.06437052769988,False,False,False
486,AI255,1,21,20260419,2026-04-19 08:45:41.704,2026-04-19 13:12:41.704,8,267.0,158.54166666666666,85.71742208720094,False,False,False
487,AI202,1,24,20260419,2026-04-19 08:44:41.703,2026-04-19 10:53:41.703,8,129.0,162.76923076923077,80.76202458695928,False,False,False
488,SJ039,3,3,20260419,2026-04-19 08:41:41.701,2026-04-19 12:08:41.701,8,207.0,176.76190476190476,75.05258474023714,False,False,False
489,SJ051,3,26,20260419,2026-04-19 08:40:41.701,2026-04-19 12:18:41.701,8,218.0,176.52173913043478,70.9781461662784,False,False,False
490,UK024,4,23,20260419,2026-04-19 08:29:41.701,2026-04-19 13:29:41.701,8,300.0,172.8153846153846,79.97223977490806,False,False,False
491,SJ006,3,24,20260419,2026-04-19 08:25:41.701,2026-04-19 08:57:41.701,8,32.0,162.76923076923077,80.76202458695928,False,False,False
492,AI207,1,16,20260419,2026-04-19 08:24:41.703,2026-04-19 11:23:41.703,8,179.0,183.40740740740742,80.06452170173525,False,False,False
493,SJ168,3,28,20260419,2026-04-19 08:17:41.703,2026-04-19 12:29:41.703,8,252.0,163.96969696969697,81.22018100835717,False,False,False
494,AI028,1,17,20260419,2026-04-19 07:53:41.701,2026-04-19 08:35:41.701,7,42.0,155.4814814814815,86.09939264074637,False,False,False
495,6F094,2,6,20260419,2026-04-19 07:37:41.702,2026-04-19 09:06:41.702,7,89.0,147.73333333333332,73.89407596875976,False,False,False
496,6F024,2,8,20260419,2026-04-19 07:31:41.701,2026-04-19 11:17:41.701,7,226.0,153.82051282051282,75.2759386296325,False,False,False
497,6F061,2,3,20260419,2026-04-19 07:28:41.701,2026-04-19 08:09:41.701,7,41.0,176.76190476190476,75.05258474023714,False,False,False
498,AI032,1,23,20260419,2026-04-19 07:26:41.701,2026-04-19 09:26:42.000,7,120.0,172.8153846153846,79.97223977490806,False,False,False
499,UK163,4,4,20260419,2026-04-19 07:22:41.703,2026-04-19 09:04:41.703,7,102.0,174.75925925925927,75.97192509877934,False,False,False
500,SJ067,3,23,20260419,2026-04-19 07:17:41.701,2026-04-19 08:16:41.701,7,59.0,172.8153846153846,79.97223977490806,False,False,False
501,SJ106,3,12,20260419,2026-04-19 07:16:41.702,2026-04-19 09:40:41.702,7,144.0,153.61111111111111,76.959941208792,False,False,False
502,AI086,1,20,20260419,2026-04-19 07:13:41.702,2026-04-19 10:09:41.702,7,176.0,152.23809523809524,70.13480217545691,False,False,False
503,6F263,2,4,20260419,2026-04-19 07:07:41.703,2026-04-19 08:30:41.703,7,83.0,174.75925925925927,75.97192509877934,False,False,False
504,6F163,2,3,20260419,2026-04-19 06:49:41.703,2026-04-19 10:46:41.703,6,237.0,176.76190476190476,75.05258474023714,False,False,False
505,SJ064,3,12,20260419,2026-04-19 06:29:41.701,2026-04-19 08:43:41.701,6,134.0,153.61111111111111,76.959941208792,False,False,False
506,UK118,4,24,20260419,2026-04-19 06:22:41.702,2026-04-19 07:22:42.000,6,60.0,162.76923076923077,80.76202458695928,False,False,False
507,UK022,4,4,20260419,2026-04-19 06:22:41.701,2026-04-19 10:59:41.701,6,277.0,174.75925925925927,75.97192509877934,False,False,False
508,UK099,4,16,20260419,2026-04-19 06:16:41.702,2026-04-19 10:24:41.702,6,248.0,183.40740740740742,80.06452170173525,False,False,False
509,6F212,2,25,20260419,2026-04-19 06:10:41.703,2026-04-19 10:52:41.703,6,282.0,128.52380952380952,75.23338291451412,False,False,True
510,AI023,1,24,20260419,2026-04-19 06:10:41.701,2026-04-19 09:35:41.701,6,205.0,162.76923076923077,80.76202458695928,False,False,False
511,SJ245,3,8,20260419,2026-04-19 06:07:41.704,2026-04-19 09:39:41.704,6,212.0,153.82051282051282,75.2759386296325,False,False,False
512,6F066,2,29,20260419,2026-04-19 06:07:41.701,2026-04-19 07:43:41.701,6,96.0,155.68421052631578,56.33141281891869,False,False,False
513,AI138,1,18,20260419,2026-04-19 05:50:41.702,2026-04-19 06:40:41.702,5,50.0,151.73076923076923,87.06437052769988,False,False,False
514,SJ021,3,24,20260419,2026-04-19 05:48:41.701,2026-04-19 09:46:41.701,5,238.0,162.76923076923077,80.76202458695928,False,False,False
515,SJ136,3,24,20260419,2026-04-19 05:45:41.702,2026-04-19 08:04:41.702,5,139.0,162.76923076923077,80.76202458695928,False,False,False
516,AI148,1,14,20260419,2026-04-19 05:41:41.703,2026-04-19 08:32:41.703,5,171.0,152.80701754385964,78.4174813319461,False,False,False
517,SJ014,3,5,20260419,2026-04-19 05:40:41.701,2026-04-19 06:39:41.701,5,59.0,180.84615384615384,76.7315800998219,False,False,False
518,6F104,2,28,20260419,2026-04-19 05:39:41.702,2026-04-19 06:14:41.702,5,35.0,163.96969696969697,81.22018100835717,False,False,False
519,SJ121,3,12,20260419,2026-04-19 05:32:41.702,2026-04-19 06:47:41.702,5,75.0,153.61111111111111,76.959941208792,False,False,False
520,UK174,4,12,20260419,2026-04-19 05:27:41.703,2026-04-19 07:47:41.703,5,140.0,153.61111111111111,76.959941208792,False,False,False
521,AI033,1,21,20260419,2026-04-19 05:25:41.701,2026-04-19 10:21:41.701,5,296.0,158.54166666666666,85.71742208720094,False,False,False
522,SJ122,3,28,20260419,2026-04-19 05:22:41.702,2026-04-19 10:09:41.702,5,287.0,163.96969696969697,81.22018100835717,False,False,False
523,UK095,4,16,20260419,2026-04-19 05:22:41.702,2026-04-19 07:36:41.702,5,134.0,183.40740740740742,80.06452170173525,False,False,False
524,SJ026,3,1,20260419,2026-04-19 05:22:41.701,2026-04-19 09:40:41.701,5,258.0,171.29166666666666,79.96112053430373,False,False,False
525,6F221,2,11,20260419,2026-04-19 05:20:41.704,2026-04-19 08:52:41.704,5,212.0,155.96153846153845,81.71192361912954,False,False,False
526,SJ103,3,23,20260419,2026-04-19 05:16:41.702,2026-04-19 08:56:41.702,5,220.0,172.8153846153846,79.97223977490806,False,False,False
527,SJ011,3,16,20260419,2026-04-19 05:14:41.701,2026-04-19 09:59:41.701,5,285.0,183.40740740740742,80.06452170173525,False,False,False
528,AI002,1,24,20260419,2026-04-19 05:12:41.700,2026-04-19 07:12:41.700,5,120.0,162.76923076923077,80.76202458695928,False,False,False
529,AI046,1,10,20260419,2026-04-19 05:09:41.701,2026-04-19 08:00:41.701,5,171.0,178.10714285714286,82.9878792067739,False,False,False
530,SJ053,3,12,20260419,2026-04-19 05:00:41.701,2026-04-19 06:38:41.701,5,98.0,153.61111111111111,76.959941208792,False,False,False
531,AI236,1,10,20260419,2026-04-19 04:52:41.704,2026-04-19 09:11:41.704,4,259.0,178.10714285714286,82.9878792067739,False,False,False
532,AI254,1,20,20260419,2026-04-19 04:46:41.704,2026-04-19 08:06:41.704,4,200.0,152.23809523809524,70.13480217545691,False,False,False
533,6F063,2,4,20260419,2026-04-19 04:42:41.701,2026-04-19 07:31:41.701,4,169.0,174.75925925925927,75.97192509877934,False,False,False
534,6F115,2,23,20260419,2026-04-19 04:41:41.702,2026-04-19 06:23:41.702,4,102.0,172.8153846153846,79.97223977490806,False,False,False
535,UK070,4,8,20260419,2026-04-19 04:36:41.701,2026-04-19 06:49:41.701,4,133.0,153.82051282051282,75.2759386296325,False,False,False
536,SJ147,3,25,20260419,2026-04-19 04:30:41.702,2026-04-19 08:52:41.702,4,262.0,128.52380952380952,75.23338291451412,False,False,False
537,UK201,4,17,20260419,2026-04-19 04:29:41.703,2026-04-19 06:42:41.703,4,133.0,155.4814814814815,86.09939264074637,False,False,False
538,SJ234,3,25,20260419,2026-04-19 04:20:41.704,2026-04-19 06:23:41.704,4,123.0,128.52380952380952,75.23338291451412,False,False,False
539,AI176,1,30,20260419,2026-04-19 04:20:41.703,2026-04-19 06:25:41.703,4,125.0,156.94736842105263,85.1668125792687,False,False,False
540,SJ045,3,9,20260419,2026-04-19 04:16:41.701,2026-04-19 09:03:41.701,4,287.0,178.7826086956522,69.77232879596788,False,False,False
541,SJ174,3,12,20260419,2026-04-19 04:09:41.703,2026-04-19 05:04:41.703,4,55.0,153.61111111111111,76.959941208792,False,False,False
542,AI007,1,11,20260419,2026-04-19 04:01:41.701,2026-04-19 06:01:42.000,4,120.0,155.96153846153845,81.71192361912954,False,False,False
543,AI143,1,12,20260419,2026-04-19 03:58:41.702,2026-04-19 04:36:41.702,3,38.0,153.61111111111111,76.959941208792,False,False,False
544,SJ241,3,4,20260419,2026-04-19 03:57:41.704,2026-04-19 06:36:41.704,3,159.0,174.75925925925927,75.97192509877934,False,False,False
545,AI020,1,26,20260419,2026-04-19 03:53:41.701,2026-04-19 06:21:41.701,3,148.0,176.52173913043478,70.9781461662784,False,False,False
546,UK031,4,12,20260419,2026-04-19 03:45:41.701,2026-04-19 07:20:41.701,3,215.0,153.61111111111111,76.959941208792,False,False,False
547,AI013,1,24,20260419,2026-04-19 03:41:41.701,2026-04-19 04:58:41.701,3,77.0,162.76923076923077,80.76202458695928,False,False,False
548,AI249,1,29,20260419,2026-04-19 03:38:41.704,2026-04-19 06:27:41.704,3,169.0,155.68421052631578,56.33141281891869,False,False,False
549,UK046,4,12,20260419,2026-04-19 03:37:41.701,2026-04-19 06:05:41.701,3,148.0,153.61111111111111,76.959941208792,False,False,False
550,UK168,4,25,20260419,2026-04-19 03:20:41.703,2026-04-19 04:09:41.703,3,49.0,128.52380952380952,75.23338291451412,False,False,False
551,AI022,1,16,20260419,2026-04-19 03:15:41.701,2026-04-19 05:10:41.701,3,115.0,183.40740740740742,80.06452170173525,False,False,False
552,UK218,4,23,20260419,2026-04-19 03:12:41.704,2026-04-19 07:22:41.704,3,250.0,172.8153846153846,79.97223977490806,False,False,False
553,UK142,4,30,20260419,2026-04-19 03:03:41.703,2026-04-19 07:13:41.703,3,250.0,156.94736842105263,85.1668125792687,False,False,False
554,6F067,2,23,20260419,2026-04-19 02:59:41.701,2026-04-19 06:02:41.701,2,183.0,172.8153846153846,79.97223977490806,False,False,False
555,SJ217,3,2,20260419,2026-04-19 02:57:41.703,2026-04-19 06:04:41.703,2,187.0,169.51111111111112,72.0207904509422,False,False,False
556,SJ143,3,10,20260419,2026-04-19 02:55:41.702,2026-04-19 03:52:41.702,2,57.0,178.10714285714286,82.9878792067739,False,False,False
557,AI243,1,6,20260419,2026-04-19 02:50:41.704,2026-04-19 05:09:41.704,2,139.0,147.73333333333332,73.89407596875976,False,False,False
558,SJ246,3,8,20260419,2026-04-19 02:47:41.704,2026-04-19 03:47:42.000,2,60.0,153.82051282051282,75.2759386296325,False,False,False
559,6F170,2,13,20260419,2026-04-19 02:44:41.703,2026-04-19 04:14:41.703,2,90.0,185.35714285714286,78.63649665563553,False,False,False
560,UK157,4,28,20260419,2026-04-19 02:41:41.703,2026-04-19 03:41:42.000,2,60.0,163.96969696969697,81.22018100835717,False,False,False
561,UK172,4,10,20260419,2026-04-19 02:20:41.703,2026-04-19 05:21:41.703,2,181.0,178.10714285714286,82.9878792067739,False,False,False
562,SJ139,3,7,20260419,2026-04-19 02:20:41.702,2026-04-19 06:02:41.702,2,222.0,170.0344827586207,73.42658274894177,False,False,False
563,UK085,4,11,20260419,2026-04-19 02:15:41.702,2026-04-19 03:17:41.702,2,62.0,155.96153846153845,81.71192361912954,False,False,False
564,6F079,2,19,20260419,2026-04-19 02:14:41.702,2026-04-19 06:18:41.702,2,244.0,160.0,82.9511904676479,False,False,False
565,SJ032,3,3,20260419,2026-04-19 02:11:41.701,2026-04-19 04:33:41.701,2,142.0,176.76190476190476,75.05258474023714,False,False,False
566,6F182,2,2,20260419,2026-04-19 02:10:41.703,2026-04-19 04:18:41.703,2,128.0,169.51111111111112,72.0207904509422,False,False,False
567,AI106,1,24,20260419,2026-04-19 02:07:41.702,2026-04-19 03:20:41.702,2,73.0,162.76923076923077,80.76202458695928,False,False,False
568,AI200,1,14,20260419,2026-04-19 02:05:41.703,2026-04-19 05:29:41.703,2,204.0,152.80701754385964,78.4174813319461,False,False,False
569,6F142,2,1,20260419,2026-04-19 02:05:41.702,2026-04-19 06:04:41.702,2,239.0,171.29166666666666,79.96112053430373,False,False,False
570,SJ079,3,13,20260419,2026-04-19 01:58:41.702,2026-04-19 05:02:41.702,1,184.0,185.35714285714286,78.63649665563553,False,False,False
571,SJ082,3,8,20260419,2026-04-19 01:54:41.702,2026-04-19 02:33:41.702,1,39.0,153.82051282051282,75.2759386296325,False,False,False
572,SJ110,3,12,20260419,2026-04-19 01:47:41.702,2026-04-19 02:20:41.702,1,33.0,153.61111111111111,76.959941208792,False,False,False
573,6F262,2,11,20260419,2026-04-19 01:44:41.702,2026-04-19 02:47:41.702,1,63.0,155.96153846153845,81.71192361912954,False,False,False
574,UK143,4,6,20260419,2026-04-19 01:34:41.703,2026-04-19 02:48:41.703,1,74.0,147.73333333333332,73.89407596875976,False,False,False
575,6F269,2,14,20260419,2026-04-19 01:30:41.702,2026-04-19 02:52:41.702,1,82.0,152.80701754385964,78.4174813319461,False,False,False
576,6F214,2,2,20260419,2026-04-19 01:21:41.703,2026-04-19 05:20:41.703,1,239.0,169.51111111111112,72.0207904509422,False,False,False
577,SJ213,3,2,20260419,2026-04-19 01:19:41.703,2026-04-19 04:48:41.703,1,209.0,169.51111111111112,72.0207904509422,False,False,False
578,SJ072,3,4,20260419,2026-04-19 01:18:41.701,2026-04-19 04:08:41.701,1,170.0,174.75925925925927,75.97192509877934,False,False,False
579,6F059,2,8,20260419,2026-04-19 01:12:41.701,2026-04-19 06:02:41.701,1,290.0,153.82051282051282,75.2759386296325,False,False,False
580,UK202,4,4,20260419,2026-04-19 01:11:41.703,2026-04-19 05:37:41.703,1,266.0,174.75925925925927,75.97192509877934,False,False,False
581,UK037,4,6,20260419,2026-04-19 01:10:41.701,2026-04-19 05:12:41.701,1,242.0,147.73333333333332,73.89407596875976,False,False,False
582,UK069,4,12,20260419,2026-04-19 01:10:41.701,2026-04-19 03:23:41.701,1,133.0,153.61111111111111,76.959941208792,False,False,False
583,SJ118,3,10,20260419,2026-04-19 01:08:41.702,2026-04-19 02:33:41.702,1,85.0,178.10714285714286,82.9878792067739,False,False,False
584,6F145,2,12,20260419,2026-04-19 01:02:41.703,2026-04-19 02:18:41.703,1,76.0,153.61111111111111,76.959941208792,False,False,False
585,UK097,4,17,20260419,2026-04-19 00:49:41.702,2026-04-19 05:00:41.702,0,251.0,155.4814814814815,86.09939264074637,False,False,False
586,6F117,2,12,20260419,2026-04-19 00:46:41.702,2026-04-19 01:51:41.702,0,65.0,153.61111111111111,76.959941208792,False,False,False
587,6F226,2,10,20260419,2026-04-19 00:38:41.704,2026-04-19 02:55:41.704,0,137.0,178.10714285714286,82.9878792067739,False,False,False
588,6F050,2,10,20260419,2026-04-19 00:35:41.701,2026-04-19 04:32:41.701,0,237.0,178.10714285714286,82.9878792067739,False,False,False
589,UK196,4,5,20260419,2026-04-19 00:32:41.703,2026-04-19 04:49:41.703,0,257.0,180.84615384615384,76.7315800998219,False,False,False
590,SJ086,3,12,20260419,2026-04-19 00:32:41.702,2026-04-19 04:17:41.702,0,225.0,153.61111111111111,76.959941208792,False,False,False
591,AI134,1,17,20260419,2026-04-19 00:28:41.702,2026-04-19 04:23:41.702,0,235.0,155.4814814814815,86.09939264074637,False,False,False
592,AI043,1,12,20260419,2026-04-19 00:28:41.701,2026-04-19 04:37:41.701,0,249.0,153.61111111111111,76.959941208792,False,False,False
593,UK119,4,2,20260419,2026-04-19 00:21:41.702,2026-04-19 04:38:41.702,0,257.0,169.51111111111112,72.0207904509422,False,False,False
594,SJ181,3,26,20260419,2026-04-19 00:20:41.703,2026-04-19 01:49:41.703,0,89.0,176.52173913043478,70.9781461662784,False,False,False
595,AI070,1,12,20260419,2026-04-19 00:05:41.702,2026-04-19 01:44:41.702,0,99.0,153.61111111111111,76.959941208792,False,False,False
596,6F233,2,6,20260418,2026-04-18 23:56:41.704,2026-04-19 03:53:41.704,23,237.0,147.73333333333332,73.89407596875976,False,False,False
597,UK013,4,16,20260418,2026-04-18 23:52:41.701,2026-04-19 02:52:41.701,23,180.0,183.40740740740742,80.06452170173525,False,False,False
598,6F015,2,2,20260418,2026-04-18 23:39:41.701,2026-04-19 02:27:41.701,23,168.0,169.51111111111112,72.0207904509422,False,False,False
599,SJ247,3,10,20260418,2026-04-18 23:38:41.704,2026-04-19 03:43:41.704,23,245.0,178.10714285714286,82.9878792067739,False,False,False
600,AI067,1,13,20260418,2026-04-18 23:36:41.701,2026-04-19 03:09:41.701,23,213.0,185.35714285714286,78.63649665563553,False,False,False
601,AI211,1,18,20260418,2026-04-18 23:34:41.703,2026-04-19 01:21:41.703,23,107.0,151.73076923076923,87.06437052769988,False,False,False
602,UK029,4,10,20260418,2026-04-18 23:26:41.701,2026-04-19 02:15:41.701,23,169.0,178.10714285714286,82.9878792067739,False,False,False
603,SJ200,3,8,20260418,2026-04-18 23:24:41.703,2026-04-19 02:11:41.703,23,167.0,153.82051282051282,75.2759386296325,False,False,False
604,6F087,2,4,20260418,2026-04-18 23:24:41.702,2026-04-19 03:10:41.702,23,226.0,174.75925925925927,75.97192509877934,False,False,False
605,SJ210,3,15,20260418,2026-04-18 23:21:41.703,2026-04-19 02:54:41.703,23,213.0,167.15384615384616,88.09934951300937,False,False,False
606,AI101,1,7,20260418,2026-04-18 23:20:41.702,2026-04-19 02:23:41.702,23,183.0,170.0344827586207,73.42658274894177,False,False,False
607,UK075,4,21,20260418,2026-04-18 23:15:41.702,2026-04-19 03:54:41.702,23,279.0,158.54166666666666,85.71742208720094,False,False,False
608,SJ091,3,25,20260418,2026-04-18 23:10:41.702,2026-04-19 00:47:41.702,23,97.0,128.52380952380952,75.23338291451412,False,False,False
609,AI251,1,11,20260418,2026-04-18 22:40:41.704,2026-04-18 23:24:41.704,22,44.0,155.96153846153845,81.71192361912954,False,False,False
610,SJ042,3,15,20260418,2026-04-18 22:38:41.701,2026-04-19 02:20:41.701,22,222.0,167.15384615384616,88.09934951300937,False,False,False
611,UK126,4,12,20260418,2026-04-18 22:37:41.702,2026-04-19 00:03:41.702,22,86.0,153.61111111111111,76.959941208792,False,False,False
612,6F042,2,13,20260418,2026-04-18 22:35:41.701,2026-04-19 02:41:41.701,22,246.0,185.35714285714286,78.63649665563553,False,False,False
613,AI116,1,28,20260418,2026-04-18 22:30:41.702,2026-04-19 01:57:41.702,22,207.0,163.96969696969697,81.22018100835717,False,False,False
614,SJ209,3,6,20260418,2026-04-18 22:22:41.703,2026-04-19 02:03:41.703,22,221.0,147.73333333333332,73.89407596875976,False,False,False
615,AI123,1,3,20260418,2026-04-18 22:19:41.702,2026-04-19 00:45:41.702,22,146.0,176.76190476190476,75.05258474023714,False,False,False
616,6F016,2,17,20260418,2026-04-18 22:18:41.701,2026-04-18 22:54:41.701,22,36.0,155.4814814814815,86.09939264074637,False,False,False
617,UK012,4,3,20260418,2026-04-18 22:16:41.701,2026-04-19 00:25:41.701,22,129.0,176.76190476190476,75.05258474023714,False,False,False
618,SJ188,3,6,20260418,2026-04-18 22:15:41.703,2026-04-18 22:55:41.703,22,40.0,147.73333333333332,73.89407596875976,False,False,False
619,UK096,4,29,20260418,2026-04-18 22:11:41.702,2026-04-19 00:06:41.702,22,115.0,155.68421052631578,56.33141281891869,False,False,False
620,SJ046,3,16,20260418,2026-04-18 22:01:41.701,2026-04-19 01:25:41.701,22,204.0,183.40740740740742,80.06452170173525,False,False,False
621,UK081,4,30,20260418,2026-04-18 22:00:41.702,2026-04-18 23:00:41.702,22,60.0,156.94736842105263,85.1668125792687,False,False,False
622,UK191,4,23,20260418,2026-04-18 21:51:41.703,2026-04-18 22:57:41.703,21,66.0,172.8153846153846,79.97223977490806,False,False,False
623,6F064,2,12,20260418,2026-04-18 21:45:41.701,2026-04-18 22:50:41.701,21,65.0,153.61111111111111,76.959941208792,False,False,False
624,AI005,1,18,20260418,2026-04-18 21:24:41.701,2026-04-18 22:11:41.701,21,47.0,151.73076923076923,87.06437052769988,False,False,False
625,6F021,2,27,20260418,2026-04-18 21:23:41.701,2026-04-19 01:25:41.701,21,242.0,187.3125,68.64470724923615,False,False,False
626,AI169,1,12,20260418,2026-04-18 21:21:41.703,2026-04-19 01:34:41.703,21,253.0,153.61111111111111,76.959941208792,False,False,False
627,UK035,4,17,20260418,2026-04-18 21:08:41.701,2026-04-18 22:24:41.701,21,76.0,155.4814814814815,86.09939264074637,False,False,False
628,AI040,1,24,20260418,2026-04-18 21:01:41.701,2026-04-18 22:42:41.701,21,101.0,162.76923076923077,80.76202458695928,False,False,False
629,UK042,4,3,20260418,2026-04-18 20:59:41.701,2026-04-19 01:38:41.701,20,279.0,176.76190476190476,75.05258474023714,False,False,False
630,SJ171,3,4,20260418,2026-04-18 20:52:41.703,2026-04-18 23:52:41.703,20,180.0,174.75925925925927,75.97192509877934,False,False,False
631,AI250,1,2,20260418,2026-04-18 20:48:41.704,2026-04-19 00:12:41.704,20,204.0,169.51111111111112,72.0207904509422,False,False,False
632,SJ195,3,2,20260418,2026-04-18 20:41:41.703,2026-04-18 23:54:41.703,20,193.0,169.51111111111112,72.0207904509422,False,False,False
633,UK211,4,21,20260418,2026-04-18 20:39:41.704,2026-04-18 22:02:41.704,20,83.0,158.54166666666666,85.71742208720094,False,False,False
634,UK122,4,15,20260418,2026-04-18 20:29:42.000,2026-04-18 23:29:42.000,20,180.0,167.15384615384616,88.09934951300937,False,False,False
635,AI136,1,30,20260418,2026-04-18 20:29:41.702,2026-04-18 23:48:41.702,20,199.0,156.94736842105263,85.1668125792687,False,False,False
636,6F141,2,2,20260418,2026-04-18 20:26:41.702,2026-04-18 22:28:41.702,20,122.0,169.51111111111112,72.0207904509422,False,False,False
637,6F053,2,4,20260418,2026-04-18 20:26:41.701,2026-04-19 00:39:41.701,20,253.0,174.75925925925927,75.97192509877934,False,False,False
638,6F136,2,12,20260418,2026-04-18 20:24:41.702,2026-04-18 21:01:41.702,20,37.0,153.61111111111111,76.959941208792,False,False,False
639,6F009,2,25,20260418,2026-04-18 20:21:41.701,2026-04-18 23:36:41.701,20,195.0,128.52380952380952,75.23338291451412,False,False,False
640,6F023,2,23,20260418,2026-04-18 20:18:41.701,2026-04-19 00:14:41.701,20,236.0,172.8153846153846,79.97223977490806,False,False,False
641,UK006,4,21,20260418,2026-04-18 20:16:41.701,2026-04-18 21:55:41.701,20,99.0,158.54166666666666,85.71742208720094,False,False,False
642,SJ165,3,28,20260418,2026-04-18 20:08:41.703,2026-04-18 23:18:41.703,20,190.0,163.96969696969697,81.22018100835717,False,False,False
643,6F189,2,23,20260418,2026-04-18 20:08:41.703,2026-04-18 21:51:41.703,20,103.0,172.8153846153846,79.97223977490806,False,False,False
644,AI131,1,3,20260418,2026-04-18 19:55:41.702,2026-04-18 22:35:41.702,19,160.0,176.76190476190476,75.05258474023714,False,False,False
645,6F004,2,2,20260418,2026-04-18 19:53:41.701,2026-04-18 23:33:41.701,19,220.0,169.51111111111112,72.0207904509422,False,False,False
646,AI027,1,16,20260418,2026-04-18 19:41:41.701,2026-04-18 23:23:41.701,19,222.0,183.40740740740742,80.06452170173525,False,False,False
647,AI238,1,1,20260418,2026-04-18 19:25:41.704,2026-04-19 00:07:41.704,19,282.0,171.29166666666666,79.96112053430373,False,False,False
648,SJ105,3,5,20260418,2026-04-18 19:22:41.702,2026-04-18 22:48:41.702,19,206.0,180.84615384615384,76.7315800998219,False,False,False
649,UK088,4,23,20260418,2026-04-18 19:16:41.702,2026-04-18 23:36:41.702,19,260.0,172.8153846153846,79.97223977490806,False,False,False
650,6F035,2,20,20260418,2026-04-18 19:16:41.701,2026-04-18 23:40:41.701,19,264.0,152.23809523809524,70.13480217545691,False,False,False
651,AI133,1,18,20260418,2026-04-18 19:12:41.702,2026-04-18 21:32:41.702,19,140.0,151.73076923076923,87.06437052769988,False,False,False
652,AI001,1,4,20260418,2026-04-18 19:00:41.700,2026-04-18 22:03:41.700,19,183.0,174.75925925925927,75.97192509877934,False,False,False
653,SJ133,3,2,20260418,2026-04-18 18:50:41.702,2026-04-18 21:29:41.702,18,159.0,169.51111111111112,72.0207904509422,False,False,False
654,SJ216,3,2,20260418,2026-04-18 18:35:41.703,2026-04-18 21:31:41.703,18,176.0,169.51111111111112,72.0207904509422,False,False,False
655,SJ225,3,4,20260418,2026-04-18 18:16:41.704,2026-04-18 20:53:41.704,18,157.0,174.75925925925927,75.97192509877934,False,False,False
656,AI147,1,15,20260418,2026-04-18 18:14:41.703,2026-04-18 20:10:41.703,18,116.0,167.15384615384616,88.09934951300937,False,False,False
657,SJ054,3,23,20260418,2026-04-18 18:13:41.701,2026-04-18 22:46:41.701,18,273.0,172.8153846153846,79.97223977490806,False,False,False
658,6F197,2,26,20260418,2026-04-18 17:59:41.703,2026-04-18 22:44:41.703,17,285.0,176.52173913043478,70.9781461662784,False,False,False
659,SJ066,3,15,20260418,2026-04-18 17:47:41.701,2026-04-18 19:03:41.701,17,76.0,167.15384615384616,88.09934951300937,False,False,False
660,SJ183,3,12,20260418,2026-04-18 17:44:41.703,2026-04-18 19:40:41.703,17,116.0,153.61111111111111,76.959941208792,False,False,False
661,SJ151,3,2,20260418,2026-04-18 17:44:41.702,2026-04-18 19:16:41.702,17,92.0,169.51111111111112,72.0207904509422,False,False,False
662,SJ071,3,1,20260418,2026-04-18 17:43:41.701,2026-04-18 19:32:41.701,17,109.0,171.29166666666666,79.96112053430373,False,False,False
663,SJ102,3,21,20260418,2026-04-18 17:26:41.702,2026-04-18 18:58:41.702,17,92.0,158.54166666666666,85.71742208720094,False,False,False
664,AI209,1,25,20260418,2026-04-18 17:25:41.703,2026-04-18 18:37:41.703,17,72.0,128.52380952380952,75.23338291451412,False,False,False
665,6F111,2,13,20260418,2026-04-18 17:09:41.702,2026-04-18 20:02:41.702,17,173.0,185.35714285714286,78.63649665563553,False,False,False
666,AI050,1,6,20260418,2026-04-18 17:07:41.701,2026-04-18 19:42:41.701,17,155.0,147.73333333333332,73.89407596875976,False,False,False
667,SJ189,3,24,20260418,2026-04-18 17:05:41.703,2026-04-18 22:01:41.703,17,296.0,162.76923076923077,80.76202458695928,False,False,False
668,UK112,4,12,20260418,2026-04-18 17:05:41.702,2026-04-18 19:47:41.702,17,162.0,153.61111111111111,76.959941208792,False,False,False
669,6F171,2,7,20260418,2026-04-18 17:03:41.703,2026-04-18 18:12:41.703,17,69.0,170.0344827586207,73.42658274894177,False,False,False
670,AI011,1,28,20260418,2026-04-18 16:58:41.701,2026-04-18 21:01:41.701,16,243.0,163.96969696969697,81.22018100835717,False,False,False
671,6F027,2,30,20260418,2026-04-18 16:52:41.701,2026-04-18 18:21:41.701,16,89.0,156.94736842105263,85.1668125792687,False,False,False
672,UK082,4,10,20260418,2026-04-18 16:50:41.702,2026-04-18 21:21:41.702,16,271.0,178.10714285714286,82.9878792067739,False,False,False
673,UK138,4,7,20260418,2026-04-18 16:47:41.703,2026-04-18 19:36:41.703,16,169.0,170.0344827586207,73.42658274894177,False,False,False
674,UK198,4,7,20260418,2026-04-18 16:43:41.703,2026-04-18 18:18:41.703,16,95.0,170.0344827586207,73.42658274894177,False,False,False
675,6F039,2,21,20260418,2026-04-18 16:43:41.701,2026-04-18 21:01:41.701,16,258.0,158.54166666666666,85.71742208720094,False,False,False
676,6F157,2,21,20260418,2026-04-18 16:37:41.703,2026-04-18 18:04:41.703,16,87.0,158.54166666666666,85.71742208720094,False,False,False
677,SJ024,3,9,20260418,2026-04-18 16:29:41.701,2026-04-18 20:21:41.701,16,232.0,178.7826086956522,69.77232879596788,False,False,False
678,6F167,2,6,20260418,2026-04-18 16:26:41.703,2026-04-18 17:50:41.703,16,84.0,147.73333333333332,73.89407596875976,False,False,False
679,AI197,1,2,20260418,2026-04-18 16:25:41.703,2026-04-18 20:00:41.703,16,215.0,169.51111111111112,72.0207904509422,False,False,False
680,SJ211,3,3,20260418,2026-04-18 16:22:41.703,2026-04-18 18:34:41.703,16,132.0,176.76190476190476,75.05258474023714,False,False,False
681,6F055,2,18,20260418,2026-04-18 16:21:41.701,2026-04-18 18:49:41.701,16,148.0,151.73076923076923,87.06437052769988,False,False,False
682,AI253,1,6,20260418,2026-04-18 16:13:41.704,2026-04-18 19:51:41.704,16,218.0,147.73333333333332,73.89407596875976,False,False,False
683,UK060,4,25,20260418,2026-04-18 16:09:41.701,2026-04-18 19:42:41.701,16,213.0,128.52380952380952,75.23338291451412,False,False,False
684,6F257,2,21,20260418,2026-04-18 16:04:41.704,2026-04-18 19:55:41.704,16,231.0,158.54166666666666,85.71742208720094,False,False,False
685,SJ135,3,21,20260418,2026-04-18 16:03:41.702,2026-04-18 19:48:41.702,16,225.0,158.54166666666666,85.71742208720094,False,False,False
686,AI247,1,2,20260418,2026-04-18 15:58:41.704,2026-04-18 19:02:41.704,15,184.0,169.51111111111112,72.0207904509422,False,False,False
687,UK127,4,5,20260418,2026-04-18 15:56:41.702,2026-04-18 20:00:41.702,15,244.0,180.84615384615384,76.7315800998219,False,False,False
688,AI109,1,6,20260418,2026-04-18 15:53:41.702,2026-04-18 20:14:41.702,15,261.0,147.73333333333332,73.89407596875976,False,False,False
689,AI057,1,2,20260418,2026-04-18 15:53:41.701,2026-04-18 19:22:41.701,15,209.0,169.51111111111112,72.0207904509422,False,False,False
690,6F103,2,1,20260418,2026-04-18 15:37:41.702,2026-04-18 18:32:41.702,15,175.0,171.29166666666666,79.96112053430373,False,False,False
691,SJ144,3,6,20260418,2026-04-18 15:35:41.702,2026-04-18 19:12:41.702,15,217.0,147.73333333333332,73.89407596875976,False,False,False
692,6F076,2,20,20260418,2026-04-18 15:35:41.702,2026-04-18 16:20:41.702,15,45.0,152.23809523809524,70.13480217545691,False,False,False
693,6F240,2,4,20260418,2026-04-18 15:31:41.704,2026-04-18 19:56:41.704,15,265.0,174.75925925925927,75.97192509877934,False,False,False
694,UK057,4,12,20260418,2026-04-18 15:25:41.701,2026-04-18 20:04:41.701,15,279.0,153.61111111111111,76.959941208792,False,False,False
695,AI201,1,25,20260418,2026-04-18 15:19:41.703,2026-04-18 16:40:41.703,15,81.0,128.52380952380952,75.23338291451412,False,False,False
696,SJ242,3,29,20260418,2026-04-18 14:55:41.704,2026-04-18 17:42:41.704,14,167.0,155.68421052631578,56.33141281891869,False,False,False
697,6F037,2,16,20260418,2026-04-18 14:51:41.701,2026-04-18 17:23:41.701,14,152.0,183.40740740740742,80.06452170173525,False,False,False
698,SJ132,3,11,20260418,2026-04-18 14:44:41.702,2026-04-18 15:36:41.702,14,52.0,155.96153846153845,81.71192361912954,False,False,False
699,AI055,1,28,20260418,2026-04-18 14:39:41.701,2026-04-18 16:18:41.701,14,99.0,163.96969696969697,81.22018100835717,False,False,False
700,6F252,2,23,20260418,2026-04-18 14:25:41.701,2026-04-18 18:52:41.701,14,267.0,172.8153846153846,79.97223977490806,False,False,False
701,AI183,1,18,20260418,2026-04-18 14:24:41.703,2026-04-18 16:06:41.703,14,102.0,151.73076923076923,87.06437052769988,False,False,False
702,SJ125,3,7,20260418,2026-04-18 14:21:41.702,2026-04-18 16:55:41.702,14,154.0,170.0344827586207,73.42658274894177,False,False,False
703,SJ087,3,8,20260418,2026-04-18 14:20:41.702,2026-04-18 19:09:41.702,14,289.0,153.82051282051282,75.2759386296325,False,False,False
704,UK182,4,15,20260418,2026-04-18 14:19:41.703,2026-04-18 18:25:41.703,14,246.0,167.15384615384616,88.09934951300937,False,False,False
705,AI016,1,2,20260418,2026-04-18 14:15:41.701,2026-04-18 18:38:41.701,14,263.0,169.51111111111112,72.0207904509422,False,False,False
706,6F107,2,22,20260418,2026-04-18 14:14:41.702,2026-04-18 17:14:42.000,14,180.0,167.35,77.8062877989474,False,False,False
707,AI026,1,10,20260418,2026-04-18 14:14:41.701,2026-04-18 15:13:41.701,14,59.0,178.10714285714286,82.9878792067739,False,False,False
708,AI177,1,20,20260418,2026-04-18 14:11:41.703,2026-04-18 16:26:41.703,14,135.0,152.23809523809524,70.13480217545691,False,False,False
709,AI041,1,26,20260418,2026-04-18 14:08:41.701,2026-04-18 15:59:41.701,14,111.0,176.52173913043478,70.9781461662784,False,False,False
710,6F264,2,4,20260418,2026-04-18 14:03:41.701,2026-04-18 18:23:41.701,14,260.0,174.75925925925927,75.97192509877934,False,False,False
711,6F222,2,14,20260418,2026-04-18 14:01:41.704,2026-04-18 16:11:41.704,14,130.0,152.80701754385964,78.4174813319461,False,False,False
712,AI004,1,14,20260418,2026-04-18 13:58:41.701,2026-04-18 18:12:41.701,13,254.0,152.80701754385964,78.4174813319461,False,False,False
713,SJ126,3,7,20260418,2026-04-18 13:47:41.702,2026-04-18 16:31:41.702,13,164.0,170.0344827586207,73.42658274894177,False,False,False
714,SJ220,3,2,20260418,2026-04-18 13:45:41.703,2026-04-18 15:21:41.703,13,96.0,169.51111111111112,72.0207904509422,False,False,False
715,AI204,1,1,20260418,2026-04-18 13:40:41.703,2026-04-18 18:38:41.703,13,298.0,171.29166666666666,79.96112053430373,False,False,False
716,UK098,4,12,20260418,2026-04-18 13:38:41.702,2026-04-18 17:54:41.702,13,256.0,153.61111111111111,76.959941208792,False,False,False
717,AI090,1,21,20260418,2026-04-18 13:37:41.702,2026-04-18 16:11:41.702,13,154.0,158.54166666666666,85.71742208720094,False,False,False
718,AI092,1,28,20260418,2026-04-18 13:36:41.702,2026-04-18 16:20:41.702,13,164.0,163.96969696969697,81.22018100835717,False,False,False
719,AI049,1,1,20260418,2026-04-18 13:35:41.701,2026-04-18 15:48:41.701,13,133.0,171.29166666666666,79.96112053430373,False,False,False
720,UK117,4,6,20260418,2026-04-18 13:17:41.702,2026-04-18 16:54:41.702,13,217.0,147.73333333333332,73.89407596875976,False,False,False
721,6F227,2,3,20260418,2026-04-18 13:16:41.704,2026-04-18 17:41:41.704,13,265.0,176.76190476190476,75.05258474023714,False,False,False
722,AI228,1,6,20260418,2026-04-18 13:16:41.703,2026-04-18 17:44:41.703,13,268.0,147.73333333333332,73.89407596875976,False,False,False
723,SJ164,3,1,20260418,2026-04-18 13:14:41.703,2026-04-18 15:14:42.000,13,120.0,171.29166666666666,79.96112053430373,False,False,False
724,AI018,1,2,20260418,2026-04-18 13:12:41.701,2026-04-18 18:04:41.701,13,292.0,169.51111111111112,72.0207904509422,False,False,False
725,UK192,4,13,20260418,2026-04-18 12:54:41.703,2026-04-18 13:54:42.000,12,60.0,185.35714285714286,78.63649665563553,False,False,False
726,SJ224,3,9,20260418,2026-04-18 12:41:41.703,2026-04-18 15:33:41.703,12,172.0,178.7826086956522,69.77232879596788,False,False,False
727,UK050,4,8,20260418,2026-04-18 12:39:41.701,2026-04-18 13:18:41.701,12,39.0,153.82051282051282,75.2759386296325,False,False,False
728,SJ159,3,12,20260418,2026-04-18 12:22:41.703,2026-04-18 14:05:41.703,12,103.0,153.61111111111111,76.959941208792,False,False,False
729,UK038,4,21,20260418,2026-04-18 12:22:41.701,2026-04-18 15:31:41.701,12,189.0,158.54166666666666,85.71742208720094,False,False,False
730,6F192,2,22,20260418,2026-04-18 12:20:41.703,2026-04-18 16:45:41.703,12,265.0,167.35,77.8062877989474,False,False,False
731,6F173,2,2,20260418,2026-04-18 12:19:41.703,2026-04-18 13:08:41.703,12,49.0,169.51111111111112,72.0207904509422,False,False,False
732,AI185,1,28,20260418,2026-04-18 12:16:41.703,2026-04-18 16:18:41.703,12,242.0,163.96969696969697,81.22018100835717,False,False,False
733,SJ152,3,8,20260418,2026-04-18 12:09:41.702,2026-04-18 13:50:41.702,12,101.0,153.82051282051282,75.2759386296325,False,False,False
734,AI215,1,30,20260418,2026-04-18 12:07:41.703,2026-04-18 13:43:41.703,12,96.0,156.94736842105263,85.1668125792687,False,False,False
735,AI074,1,28,20260418,2026-04-18 12:03:41.702,2026-04-18 12:50:41.702,12,47.0,163.96969696969697,81.22018100835717,False,False,False
736,6F109,2,6,20260418,2026-04-18 12:00:41.702,2026-04-18 12:51:41.702,12,51.0,147.73333333333332,73.89407596875976,False,False,False
737,6F144,2,17,20260418,2026-04-18 11:56:41.702,2026-04-18 15:11:41.702,11,195.0,155.4814814814815,86.09939264074637,False,False,False
738,6F210,2,13,20260418,2026-04-18 11:51:41.703,2026-04-18 15:58:41.703,11,247.0,185.35714285714286,78.63649665563553,False,False,False
739,SJ111,3,9,20260418,2026-04-18 11:47:41.702,2026-04-18 12:59:41.702,11,72.0,178.7826086956522,69.77232879596788,False,False,False
740,UK092,4,23,20260418,2026-04-18 11:42:41.702,2026-04-18 13:17:41.702,11,95.0,172.8153846153846,79.97223977490806,False,False,False
741,UK009,4,8,20260418,2026-04-18 11:34:41.701,2026-04-18 13:41:41.701,11,127.0,153.82051282051282,75.2759386296325,False,False,False
742,AI170,1,13,20260418,2026-04-18 11:27:41.703,2026-04-18 15:50:41.703,11,263.0,185.35714285714286,78.63649665563553,False,False,False
743,6F154,2,12,20260418,2026-04-18 11:26:41.703,2026-04-18 12:23:41.703,11,57.0,153.61111111111111,76.959941208792,False,False,False
744,6F161,2,11,20260418,2026-04-18 11:24:41.703,2026-04-18 12:21:41.703,11,57.0,155.96153846153845,81.71192361912954,False,False,False
745,UK128,4,2,20260418,2026-04-18 11:22:41.702,2026-04-18 14:11:41.702,11,169.0,169.51111111111112,72.0207904509422,False,False,False
746,AI186,1,10,20260418,2026-04-18 11:11:41.703,2026-04-18 13:05:41.703,11,114.0,178.10714285714286,82.9878792067739,False,False,False
747,AI099,1,6,20260418,2026-04-18 11:07:41.702,2026-04-18 13:29:41.702,11,142.0,147.73333333333332,73.89407596875976,False,False,False
748,6F203,2,29,20260418,2026-04-18 11:05:41.703,2026-04-18 12:56:41.703,11,111.0,155.68421052631578,56.33141281891869,False,False,False
749,UK139,4,27,20260418,2026-04-18 10:54:41.703,2026-04-18 14:31:41.703,10,217.0,187.3125,68.64470724923615,False,False,False
750,SJ008,3,24,20260418,2026-04-18 10:53:41.701,2026-04-18 15:48:41.701,10,295.0,162.76923076923077,80.76202458695928,False,False,False
751,AI171,1,23,20260418,2026-04-18 10:51:41.703,2026-04-18 13:34:41.703,10,163.0,172.8153846153846,79.97223977490806,False,False,False
752,6F124,2,6,20260418,2026-04-18 10:47:41.702,2026-04-18 15:21:41.702,10,274.0,147.73333333333332,73.89407596875976,False,False,False
753,6F137,2,12,20260418,2026-04-18 10:45:41.702,2026-04-18 15:01:41.702,10,256.0,153.61111111111111,76.959941208792,False,False,False
754,AI008,1,2,20260418,2026-04-18 10:43:41.701,2026-04-18 12:43:42.000,10,120.0,169.51111111111112,72.0207904509422,False,False,False
755,SJ140,3,13,20260418,2026-04-18 10:42:41.702,2026-04-18 14:30:41.702,10,228.0,185.35714285714286,78.63649665563553,False,False,False
756,UK016,4,18,20260418,2026-04-18 10:42:41.701,2026-04-18 11:22:41.701,10,40.0,151.73076923076923,87.06437052769988,False,False,False
757,AI127,1,4,20260418,2026-04-18 10:37:41.702,2026-04-18 13:45:41.702,10,188.0,174.75925925925927,75.97192509877934,False,False,False
758,SJ096,3,4,20260418,2026-04-18 10:29:41.702,2026-04-18 13:45:41.702,10,196.0,174.75925925925927,75.97192509877934,False,False,False
759,6F048,2,13,20260418,2026-04-18 10:27:41.701,2026-04-18 11:18:41.701,10,51.0,185.35714285714286,78.63649665563553,False,False,False
760,SJ090,3,14,20260418,2026-04-18 10:24:41.702,2026-04-18 13:11:41.702,10,167.0,152.80701754385964,78.4174813319461,False,False,False
761,AI014,1,14,20260418,2026-04-18 10:24:41.701,2026-04-18 13:51:41.701,10,207.0,152.80701754385964,78.4174813319461,False,False,False
762,6F131,2,29,20260418,2026-04-18 10:22:41.702,2026-04-18 14:20:41.702,10,238.0,155.68421052631578,56.33141281891869,False,False,False
763,AI130,1,26,20260418,2026-04-18 10:18:41.702,2026-04-18 12:59:41.702,10,161.0,176.52173913043478,70.9781461662784,False,False,False
764,UK151,4,2,20260418,2026-04-18 10:11:41.703,2026-04-18 13:30:41.703,10,199.0,169.51111111111112,72.0207904509422,False,False,False
765,6F165,2,6,20260418,2026-04-18 10:11:41.703,2026-04-18 11:09:41.703,10,58.0,147.73333333333332,73.89407596875976,False,False,False
766,UK161,4,6,20260418,2026-04-18 10:05:41.703,2026-04-18 12:48:41.703,10,163.0,147.73333333333332,73.89407596875976,False,False,False
767,AI107,1,15,20260418,2026-04-18 10:03:41.702,2026-04-18 10:49:41.702,10,46.0,167.15384615384616,88.09934951300937,False,False,False
768,SJ104,3,13,20260418,2026-04-18 10:00:41.702,2026-04-18 11:00:42.000,10,60.0,185.35714285714286,78.63649665563553,False,False,False
769,AI042,1,12,20260418,2026-04-18 09:53:41.701,2026-04-18 10:57:41.701,9,64.0,153.61111111111111,76.959941208792,False,False,False
770,6F266,2,1,20260418,2026-04-18 09:49:41.703,2026-04-18 11:17:41.703,9,88.0,171.29166666666666,79.96112053430373,False,False,False
771,6F138,2,24,20260418,2026-04-18 09:49:41.702,2026-04-18 12:53:41.702,9,184.0,162.76923076923077,80.76202458695928,False,False,False
772,SJ219,3,8,20260418,2026-04-18 09:32:41.703,2026-04-18 14:09:41.703,9,277.0,153.82051282051282,75.2759386296325,False,False,False
773,UK197,4,29,20260418,2026-04-18 09:22:41.703,2026-04-18 10:54:41.703,9,92.0,155.68421052631578,56.33141281891869,False,False,False
774,6F119,2,10,20260418,2026-04-18 09:19:41.702,2026-04-18 11:33:41.702,9,134.0,178.10714285714286,82.9878792067739,False,False,False
775,SJ058,3,4,20260418,2026-04-18 08:58:41.701,2026-04-18 13:14:41.701,8,256.0,174.75925925925927,75.97192509877934,False,False,False
776,AI218,1,2,20260418,2026-04-18 08:55:41.703,2026-04-18 11:55:41.703,8,180.0,169.51111111111112,72.0207904509422,False,False,False
777,SJ060,3,15,20260418,2026-04-18 08:51:41.701,2026-04-18 13:46:41.701,8,295.0,167.15384615384616,88.09934951300937,False,False,False
778,UK121,4,6,20260418,2026-04-18 08:36:41.702,2026-04-18 12:36:41.702,8,240.0,147.73333333333332,73.89407596875976,False,False,False
779,6F208,2,28,20260418,2026-04-18 08:27:41.703,2026-04-18 11:34:41.703,8,187.0,163.96969696969697,81.22018100835717,False,False,False
780,6F153,2,22,20260418,2026-04-18 08:23:41.703,2026-04-18 12:20:41.703,8,237.0,167.35,77.8062877989474,False,False,False
781,AI117,1,24,20260418,2026-04-18 08:18:41.702,2026-04-18 10:09:41.702,8,111.0,162.76923076923077,80.76202458695928,False,False,False
782,SJ113,3,6,20260418,2026-04-18 08:10:41.702,2026-04-18 10:10:42.000,8,120.0,147.73333333333332,73.89407596875976,False,False,False
783,AI191,1,27,20260418,2026-04-18 07:57:41.703,2026-04-18 11:58:41.703,7,241.0,187.3125,68.64470724923615,False,False,False
784,6F267,2,9,20260418,2026-04-18 07:56:41.703,2026-04-18 11:49:41.703,7,233.0,178.7826086956522,69.77232879596788,False,False,False
785,6F185,2,12,20260418,2026-04-18 07:49:41.703,2026-04-18 10:08:41.703,7,139.0,153.61111111111111,76.959941208792,False,False,False
786,AI114,1,12,20260418,2026-04-18 07:48:41.702,2026-04-18 09:03:41.702,7,75.0,153.61111111111111,76.959941208792,False,False,False
787,6F155,2,7,20260418,2026-04-18 07:47:41.703,2026-04-18 08:20:41.703,7,33.0,170.0344827586207,73.42658274894177,False,False,False
788,UK045,4,19,20260418,2026-04-18 07:43:41.701,2026-04-18 09:28:41.701,7,105.0,160.0,82.9511904676479,False,False,False
789,AI111,1,21,20260418,2026-04-18 07:40:41.702,2026-04-18 10:39:41.702,7,179.0,158.54166666666666,85.71742208720094,False,False,False
790,AI156,1,28,20260418,2026-04-18 07:39:41.703,2026-04-18 09:22:41.703,7,103.0,163.96969696969697,81.22018100835717,False,False,False
791,SJ128,3,22,20260418,2026-04-18 07:39:41.702,2026-04-18 10:42:41.702,7,183.0,167.35,77.8062877989474,False,False,False
792,AI104,1,19,20260418,2026-04-18 07:35:41.702,2026-04-18 09:20:41.702,7,105.0,160.0,82.9511904676479,False,False,False
793,6F225,2,15,20260418,2026-04-18 07:33:41.704,2026-04-18 12:12:41.704,7,279.0,167.15384615384616,88.09934951300937,False,False,False
794,6F033,2,4,20260418,2026-04-18 07:08:41.701,2026-04-18 09:08:41.701,7,120.0,174.75925925925927,75.97192509877934,False,False,False
795,6F244,2,21,20260418,2026-04-18 07:07:41.704,2026-04-18 08:31:41.704,7,84.0,158.54166666666666,85.71742208720094,False,False,False
796,UK137,4,16,20260418,2026-04-18 07:04:41.703,2026-04-18 09:14:41.703,7,130.0,183.40740740740742,80.06452170173525,False,False,False
797,AI063,1,24,20260418,2026-04-18 07:03:41.701,2026-04-18 11:26:41.701,7,263.0,162.76923076923077,80.76202458695928,False,False,False
798,SJ156,3,8,20260418,2026-04-18 06:59:41.703,2026-04-18 07:34:41.703,6,35.0,153.82051282051282,75.2759386296325,False,False,False
799,UK125,4,17,20260418,2026-04-18 06:58:41.702,2026-04-18 11:44:41.702,6,286.0,155.4814814814815,86.09939264074637,False,False,False
800,AI232,1,7,20260418,2026-04-18 06:43:41.704,2026-04-18 10:13:41.704,6,210.0,170.0344827586207,73.42658274894177,False,False,False
801,AI167,1,30,20260418,2026-04-18 06:43:41.703,2026-04-18 11:10:41.703,6,267.0,156.94736842105263,85.1668125792687,False,False,False
802,UK160,4,6,20260418,2026-04-18 06:42:41.703,2026-04-18 10:58:41.703,6,256.0,147.73333333333332,73.89407596875976,False,False,False
803,UK129,4,14,20260418,2026-04-18 06:29:41.702,2026-04-18 07:29:42.000,6,60.0,152.80701754385964,78.4174813319461,False,False,False
804,SJ230,3,2,20260418,2026-04-18 06:22:41.704,2026-04-18 10:57:41.704,6,275.0,169.51111111111112,72.0207904509422,False,False,False
805,SJ056,3,13,20260418,2026-04-18 06:11:41.701,2026-04-18 07:10:41.701,6,59.0,185.35714285714286,78.63649665563553,False,False,False
806,SJ137,3,12,20260418,2026-04-18 06:08:41.702,2026-04-18 10:14:41.702,6,246.0,153.61111111111111,76.959941208792,False,False,False
807,6F081,2,23,20260418,2026-04-18 06:04:41.702,2026-04-18 07:43:41.702,6,99.0,172.8153846153846,79.97223977490806,False,False,False
808,6F088,2,22,20260418,2026-04-18 05:51:41.702,2026-04-18 08:22:41.702,5,151.0,167.35,77.8062877989474,False,False,False
809,6F121,2,14,20260418,2026-04-18 05:44:41.702,2026-04-18 10:42:41.702,5,298.0,152.80701754385964,78.4174813319461,False,False,False
810,UK214,4,13,20260418,2026-04-18 05:30:41.704,2026-04-18 09:10:41.704,5,220.0,185.35714285714286,78.63649665563553,False,False,False
811,6F060,2,7,20260418,2026-04-18 05:29:41.701,2026-04-18 07:29:42.000,5,120.0,170.0344827586207,73.42658274894177,False,False,False
812,SJ101,3,12,20260418,2026-04-18 05:17:41.702,2026-04-18 06:57:41.702,5,100.0,153.61111111111111,76.959941208792,False,False,False
813,AI017,1,28,20260418,2026-04-18 05:15:41.701,2026-04-18 08:48:41.701,5,213.0,163.96969696969697,81.22018100835717,False,False,False
814,6F120,2,6,20260418,2026-04-18 05:14:41.702,2026-04-18 06:14:41.702,5,60.0,147.73333333333332,73.89407596875976,False,False,False
815,6F217,2,6,20260418,2026-04-18 05:13:41.704,2026-04-18 08:01:41.704,5,168.0,147.73333333333332,73.89407596875976,False,False,False
816,AI194,1,23,20260418,2026-04-18 05:09:41.703,2026-04-18 09:38:41.703,5,269.0,172.8153846153846,79.97223977490806,False,False,False
817,AI095,1,9,20260418,2026-04-18 05:00:41.702,2026-04-18 08:18:41.702,5,198.0,178.7826086956522,69.77232879596788,False,False,False
818,SJ190,3,2,20260418,2026-04-18 04:57:41.703,2026-04-18 09:25:41.703,4,268.0,169.51111111111112,72.0207904509422,False,False,False
819,6F139,2,14,20260418,2026-04-18 04:55:41.702,2026-04-18 08:17:41.702,4,202.0,152.80701754385964,78.4174813319461,False,False,False
820,6F062,2,12,20260418,2026-04-18 04:55:41.701,2026-04-18 06:22:41.701,4,87.0,153.61111111111111,76.959941208792,False,False,False
821,UK011,4,12,20260418,2026-04-18 04:41:41.701,2026-04-18 06:25:41.701,4,104.0,153.61111111111111,76.959941208792,False,False,False
822,6F100,2,26,20260418,2026-04-18 04:40:41.702,2026-04-18 07:49:41.702,4,189.0,176.52173913043478,70.9781461662784,False,False,False
823,6F228,2,14,20260418,2026-04-18 04:36:41.704,2026-04-18 09:27:41.704,4,291.0,152.80701754385964,78.4174813319461,False,False,False
824,UK033,4,13,20260418,2026-04-18 04:34:41.701,2026-04-18 09:18:41.701,4,284.0,185.35714285714286,78.63649665563553,False,False,False
825,SJ231,3,7,20260418,2026-04-18 04:23:41.704,2026-04-18 05:48:41.704,4,85.0,170.0344827586207,73.42658274894177,False,False,False
826,AI166,1,2,20260418,2026-04-18 04:20:41.703,2026-04-18 07:23:41.703,4,183.0,169.51111111111112,72.0207904509422,False,False,False
827,SJ176,3,10,20260418,2026-04-18 04:15:41.703,2026-04-18 06:17:41.703,4,122.0,178.10714285714286,82.9878792067739,False,False,False
828,SJ065,3,23,20260418,2026-04-18 04:10:41.701,2026-04-18 06:54:41.701,4,164.0,172.8153846153846,79.97223977490806,False,False,False
829,6F160,2,23,20260418,2026-04-18 04:09:41.703,2026-04-18 08:26:41.703,4,257.0,172.8153846153846,79.97223977490806,False,False,False
830,AI089,1,28,20260418,2026-04-18 04:05:41.702,2026-04-18 04:47:41.702,4,42.0,163.96969696969697,81.22018100835717,False,False,False
831,UK226,4,19,20260418,2026-04-18 03:58:41.704,2026-04-18 05:01:41.704,3,63.0,160.0,82.9511904676479,False,False,False
832,SJ123,3,2,20260418,2026-04-18 03:57:41.702,2026-04-18 05:25:41.702,3,88.0,169.51111111111112,72.0207904509422,False,False,False
833,AI054,1,15,20260418,2026-04-18 03:44:41.701,2026-04-18 08:10:41.701,3,266.0,167.15384615384616,88.09934951300937,False,False,False
834,UK019,4,5,20260418,2026-04-18 03:41:41.701,2026-04-18 04:35:41.701,3,54.0,180.84615384615384,76.7315800998219,False,False,False
835,UK032,4,6,20260418,2026-04-18 03:31:41.701,2026-04-18 07:28:41.701,3,237.0,147.73333333333332,73.89407596875976,False,False,False
836,SJ100,3,23,20260418,2026-04-18 03:28:41.702,2026-04-18 06:50:41.702,3,202.0,172.8153846153846,79.97223977490806,False,False,False
837,SJ094,3,19,20260418,2026-04-18 03:23:41.702,2026-04-18 08:07:41.702,3,284.0,160.0,82.9511904676479,False,False,False
838,6F101,2,16,20260418,2026-04-18 03:18:41.702,2026-04-18 08:15:41.702,3,297.0,183.40740740740742,80.06452170173525,False,False,False
839,6F006,2,26,20260418,2026-04-18 03:06:41.701,2026-04-18 05:06:42.000,3,120.0,176.52173913043478,70.9781461662784,False,False,False
840,AI006,1,26,20260418,2026-04-18 03:04:41.701,2026-04-18 05:54:41.701,3,170.0,176.52173913043478,70.9781461662784,False,False,False
841,AI195,1,1,20260418,2026-04-18 02:58:41.703,2026-04-18 04:57:41.703,2,119.0,171.29166666666666,79.96112053430373,False,False,False
842,UK072,4,26,20260418,2026-04-18 02:55:41.702,2026-04-18 05:55:42.000,2,180.0,176.52173913043478,70.9781461662784,False,False,False
843,AI244,1,6,20260418,2026-04-18 02:50:41.704,2026-04-18 03:25:41.704,2,35.0,147.73333333333332,73.89407596875976,False,False,False
844,SJ059,3,12,20260418,2026-04-18 02:50:41.701,2026-04-18 04:06:41.701,2,76.0,153.61111111111111,76.959941208792,False,False,False
845,SJ009,3,22,20260418,2026-04-18 02:48:41.701,2026-04-18 04:23:41.701,2,95.0,167.35,77.8062877989474,False,False,False
846,AI121,1,14,20260418,2026-04-18 02:42:41.702,2026-04-18 06:11:41.702,2,209.0,152.80701754385964,78.4174813319461,False,False,False
847,6F265,2,4,20260418,2026-04-18 02:27:41.703,2026-04-18 03:24:41.703,2,57.0,174.75925925925927,75.97192509877934,False,False,False
848,6F110,2,13,20260418,2026-04-18 02:27:41.702,2026-04-18 05:48:41.702,2,201.0,185.35714285714286,78.63649665563553,False,False,False
849,UK018,4,2,20260418,2026-04-18 02:15:41.701,2026-04-18 04:08:41.701,2,113.0,169.51111111111112,72.0207904509422,False,False,False
850,6F072,2,25,20260418,2026-04-18 02:14:41.702,2026-04-18 03:11:41.702,2,57.0,128.52380952380952,75.23338291451412,False,False,False
851,6F159,2,28,20260418,2026-04-18 02:08:41.703,2026-04-18 02:43:41.703,2,35.0,163.96969696969697,81.22018100835717,False,False,False
852,6F095,2,27,20260418,2026-04-18 01:53:41.702,2026-04-18 05:34:41.702,1,221.0,187.3125,68.64470724923615,False,False,False
853,SJ129,3,28,20260418,2026-04-18 01:48:41.702,2026-04-18 05:48:41.702,1,240.0,163.96969696969697,81.22018100835717,False,False,False
854,UK039,4,17,20260418,2026-04-18 01:40:41.701,2026-04-18 02:53:41.701,1,73.0,155.4814814814815,86.09939264074637,False,False,False
855,6F130,2,4,20260418,2026-04-18 01:27:41.702,2026-04-18 02:45:41.702,1,78.0,174.75925925925927,75.97192509877934,False,False,False
856,6F247,2,4,20260418,2026-04-18 01:27:41.702,2026-04-18 02:45:41.702,1,78.0,174.75925925925927,75.97192509877934,False,False,False
857,SJ233,3,4,20260418,2026-04-18 01:18:41.704,2026-04-18 02:56:41.704,1,98.0,174.75925925925927,75.97192509877934,False,False,False
858,6F231,2,14,20260418,2026-04-18 01:16:41.704,2026-04-18 05:43:41.704,1,267.0,152.80701754385964,78.4174813319461,False,False,False
859,AI125,1,12,20260418,2026-04-18 01:12:41.702,2026-04-18 04:51:41.702,1,219.0,153.61111111111111,76.959941208792,False,False,False
860,6F102,2,14,20260418,2026-04-18 01:10:41.702,2026-04-18 02:24:41.702,1,74.0,152.80701754385964,78.4174813319461,False,False,False
861,UK078,4,5,20260418,2026-04-18 01:03:41.702,2026-04-18 04:32:41.702,1,209.0,180.84615384615384,76.7315800998219,False,False,False
862,UK043,4,4,20260418,2026-04-18 00:48:41.701,2026-04-18 04:52:41.701,0,244.0,174.75925925925927,75.97192509877934,False,False,False
863,AI144,1,3,20260418,2026-04-18 00:43:41.702,2026-04-18 03:36:41.702,0,173.0,176.76190476190476,75.05258474023714,False,False,False
864,UK054,4,6,20260418,2026-04-18 00:37:41.701,2026-04-18 05:30:41.701,0,293.0,147.73333333333332,73.89407596875976,False,False,False
865,UK108,4,7,20260418,2026-04-18 00:28:41.702,2026-04-18 03:46:41.702,0,198.0,170.0344827586207,73.42658274894177,False,False,False
866,6F008,2,10,20260418,2026-04-18 00:14:41.701,2026-04-18 04:59:41.701,0,285.0,178.10714285714286,82.9878792067739,False,False,False
867,6F106,2,2,20260418,2026-04-18 00:10:41.702,2026-04-18 01:52:41.702,0,102.0,169.51111111111112,72.0207904509422,False,False,False
868,AI203,1,2,20260418,2026-04-18 00:09:41.703,2026-04-18 02:56:41.703,0,167.0,169.51111111111112,72.0207904509422,False,False,False
869,AI065,1,23,20260418,2026-04-18 00:09:41.701,2026-04-18 05:00:41.701,0,291.0,172.8153846153846,79.97223977490806,False,False,False
870,UK053,4,6,20260417,2026-04-17 23:56:41.701,2026-04-18 02:46:41.701,23,170.0,147.73333333333332,73.89407596875976,False,False,False
871,UK086,4,22,20260417,2026-04-17 23:55:41.702,2026-04-18 02:27:41.702,23,152.0,167.35,77.8062877989474,False,False,False
872,SJ223,3,14,20260417,2026-04-17 23:54:41.703,2026-04-18 01:08:41.703,23,74.0,152.80701754385964,78.4174813319461,False,False,False
873,6F069,2,23,20260417,2026-04-17 23:44:41.701,2026-04-18 03:17:41.701,23,213.0,172.8153846153846,79.97223977490806,False,False,False
874,6F032,2,10,20260417,2026-04-17 23:43:41.701,2026-04-18 02:22:41.701,23,159.0,178.10714285714286,82.9878792067739,False,False,False
875,UK178,4,7,20260417,2026-04-17 23:41:41.703,2026-04-18 04:09:41.703,23,268.0,170.0344827586207,73.42658274894177,False,False,False
876,6F108,2,4,20260417,2026-04-17 23:41:41.702,2026-04-18 03:23:41.702,23,222.0,174.75925925925927,75.97192509877934,False,False,False
877,UK147,4,12,20260417,2026-04-17 23:35:41.703,2026-04-18 02:55:41.703,23,200.0,153.61111111111111,76.959941208792,False,False,False
878,AI187,1,29,20260417,2026-04-17 23:32:41.703,2026-04-18 01:16:41.703,23,104.0,155.68421052631578,56.33141281891869,False,False,False
879,UK213,4,2,20260417,2026-04-17 23:21:41.704,2026-04-18 01:01:41.704,23,100.0,169.51111111111112,72.0207904509422,False,False,False
880,AI035,1,9,20260417,2026-04-17 23:17:41.701,2026-04-18 00:48:41.701,23,91.0,178.7826086956522,69.77232879596788,False,False,False
881,UK186,4,26,20260417,2026-04-17 23:05:41.703,2026-04-18 02:22:41.703,23,197.0,176.52173913043478,70.9781461662784,False,False,False
882,6F045,2,5,20260417,2026-04-17 23:04:41.701,2026-04-18 03:38:41.701,23,274.0,180.84615384615384,76.7315800998219,False,False,False
883,UK025,4,10,20260417,2026-04-17 22:55:41.701,2026-04-18 02:47:41.701,22,232.0,178.10714285714286,82.9878792067739,False,False,False
884,UK162,4,2,20260417,2026-04-17 22:47:41.703,2026-04-18 00:21:41.703,22,94.0,169.51111111111112,72.0207904509422,False,False,False
885,AI157,1,25,20260417,2026-04-17 22:45:41.703,2026-04-18 01:33:41.703,22,168.0,128.52380952380952,75.23338291451412,False,False,False
886,6F096,2,23,20260417,2026-04-17 22:45:41.702,2026-04-18 02:58:41.702,22,253.0,172.8153846153846,79.97223977490806,False,False,False
887,SJ229,3,12,20260417,2026-04-17 22:25:41.704,2026-04-18 00:27:41.704,22,122.0,153.61111111111111,76.959941208792,False,False,False
888,AI214,1,12,20260417,2026-04-17 22:23:41.703,2026-04-18 02:49:41.703,22,266.0,153.61111111111111,76.959941208792,False,False,False
889,6F205,2,17,20260417,2026-04-17 22:16:41.703,2026-04-18 00:02:41.703,22,106.0,155.4814814814815,86.09939264074637,False,False,False
890,SJ157,3,4,20260417,2026-04-17 22:11:41.703,2026-04-18 01:05:41.703,22,174.0,174.75925925925927,75.97192509877934,False,False,False
891,UK114,4,15,20260417,2026-04-17 22:10:41.702,2026-04-17 23:58:41.702,22,108.0,167.15384615384616,88.09934951300937,False,False,False
892,6F054,2,24,20260417,2026-04-17 22:00:41.701,2026-04-18 01:25:41.701,22,205.0,162.76923076923077,80.76202458695928,False,False,False
893,6F216,2,30,20260417,2026-04-17 21:58:41.704,2026-04-18 02:51:41.704,21,293.0,156.94736842105263,85.1668125792687,False,False,False
894,AI231,1,4,20260417,2026-04-17 21:52:41.704,2026-04-17 23:51:41.704,21,119.0,174.75925925925927,75.97192509877934,False,False,False
895,UK103,4,11,20260417,2026-04-17 21:52:41.702,2026-04-18 01:06:41.702,21,194.0,155.96153846153845,81.71192361912954,False,False,False
896,AI066,1,14,20260417,2026-04-17 21:51:41.701,2026-04-18 00:11:41.701,21,140.0,152.80701754385964,78.4174813319461,False,False,False
897,6F186,2,17,20260417,2026-04-17 21:48:41.703,2026-04-18 02:02:41.703,21,254.0,155.4814814814815,86.09939264074637,False,False,False
898,AI021,1,4,20260417,2026-04-17 21:39:41.701,2026-04-18 01:38:41.701,21,239.0,174.75925925925927,75.97192509877934,False,False,False
899,AI113,1,20,20260417,2026-04-17 21:21:41.702,2026-04-17 23:51:41.702,21,150.0,152.23809523809524,70.13480217545691,False,False,False
900,SJ031,3,10,20260417,2026-04-17 21:20:41.701,2026-04-17 22:29:41.701,21,69.0,178.10714285714286,82.9878792067739,False,False,False
901,UK217,4,21,20260417,2026-04-17 21:19:41.704,2026-04-17 22:14:41.704,21,55.0,158.54166666666666,85.71742208720094,False,False,False
902,SJ120,3,23,20260417,2026-04-17 21:19:41.702,2026-04-18 00:56:41.702,21,217.0,172.8153846153846,79.97223977490806,False,False,False
903,UK180,4,1,20260417,2026-04-17 21:18:41.703,2026-04-17 23:29:41.703,21,131.0,171.29166666666666,79.96112053430373,False,False,False
904,6F242,2,27,20260417,2026-04-17 21:10:41.704,2026-04-18 01:04:41.704,21,234.0,187.3125,68.64470724923615,False,False,False
905,UK080,4,27,20260417,2026-04-17 21:09:41.702,2026-04-17 22:29:41.702,21,80.0,187.3125,68.64470724923615,False,False,False
906,SJ124,3,13,20260417,2026-04-17 21:05:41.702,2026-04-18 01:12:41.702,21,247.0,185.35714285714286,78.63649665563553,False,False,False
907,SJ115,3,5,20260417,2026-04-17 21:05:41.702,2026-04-17 23:10:41.702,21,125.0,180.84615384615384,76.7315800998219,False,False,False
908,AI081,1,28,20260417,2026-04-17 21:03:41.702,2026-04-17 22:51:41.702,21,108.0,163.96969696969697,81.22018100835717,False,False,False
909,AI142,1,8,20260417,2026-04-17 20:49:41.702,2026-04-17 23:03:41.702,20,134.0,153.82051282051282,75.2759386296325,False,False,False
910,UK052,4,25,20260417,2026-04-17 20:48:41.701,2026-04-17 21:40:41.701,20,52.0,128.52380952380952,75.23338291451412,False,False,False
911,UK014,4,14,20260417,2026-04-17 20:41:41.701,2026-04-17 22:06:41.701,20,85.0,152.80701754385964,78.4174813319461,False,False,False
912,AI230,1,22,20260417,2026-04-17 20:37:41.704,2026-04-18 00:22:41.704,20,225.0,167.35,77.8062877989474,False,False,False
913,6F268,2,9,20260417,2026-04-17 20:29:41.701,2026-04-17 21:58:41.701,20,89.0,178.7826086956522,69.77232879596788,False,False,False
914,AI124,1,20,20260417,2026-04-17 20:28:41.702,2026-04-18 00:00:41.702,20,212.0,152.23809523809524,70.13480217545691,False,False,False
915,6F082,2,26,20260417,2026-04-17 20:26:41.702,2026-04-17 22:26:41.702,20,120.0,176.52173913043478,70.9781461662784,False,False,False
916,SJ035,3,12,20260417,2026-04-17 20:15:41.701,2026-04-17 21:15:42.000,20,60.0,153.61111111111111,76.959941208792,False,False,False
917,SJ095,3,9,20260417,2026-04-17 20:09:41.702,2026-04-17 23:13:41.702,20,184.0,178.7826086956522,69.77232879596788,False,False,False
918,UK230,4,6,20260417,2026-04-17 20:02:41.704,2026-04-17 21:35:41.704,20,93.0,147.73333333333332,73.89407596875976,False,False,False
919,UK171,4,15,20260417,2026-04-17 19:59:41.703,2026-04-17 22:53:41.703,19,174.0,167.15384615384616,88.09934951300937,False,False,False
920,6F147,2,14,20260417,2026-04-17 19:57:41.703,2026-04-18 00:31:41.703,19,274.0,152.80701754385964,78.4174813319461,False,False,False
921,SJ212,3,23,20260417,2026-04-17 19:49:41.703,2026-04-17 21:44:41.703,19,115.0,172.8153846153846,79.97223977490806,False,False,False
922,6F080,2,14,20260417,2026-04-17 19:47:41.702,2026-04-17 23:13:41.702,19,206.0,152.80701754385964,78.4174813319461,False,False,False
923,UK049,4,17,20260417,2026-04-17 19:47:41.701,2026-04-17 20:32:41.701,19,45.0,155.4814814814815,86.09939264074637,False,False,False
924,AI152,1,25,20260417,2026-04-17 19:21:41.703,2026-04-17 20:26:41.703,19,65.0,128.52380952380952,75.23338291451412,False,False,False
925,AI162,1,11,20260417,2026-04-17 19:20:41.703,2026-04-17 22:40:41.703,19,200.0,155.96153846153845,81.71192361912954,False,False,False
926,SJ037,3,6,20260417,2026-04-17 19:14:41.701,2026-04-17 22:31:41.701,19,197.0,147.73333333333332,73.89407596875976,False,False,False
927,AI172,1,2,20260417,2026-04-17 19:08:41.703,2026-04-17 19:53:41.703,19,45.0,169.51111111111112,72.0207904509422,False,False,False
928,UK205,4,14,20260417,2026-04-17 18:57:41.703,2026-04-17 21:46:41.703,18,169.0,152.80701754385964,78.4174813319461,False,False,False
929,AI199,1,13,20260417,2026-04-17 18:47:41.703,2026-04-17 22:26:41.703,18,219.0,185.35714285714286,78.63649665563553,False,False,False
930,6F241,2,4,20260417,2026-04-17 18:27:41.704,2026-04-17 19:02:41.704,18,35.0,174.75925925925927,75.97192509877934,False,False,False
931,SJ041,3,20,20260417,2026-04-17 18:24:41.701,2026-04-17 22:59:41.701,18,275.0,152.23809523809524,70.13480217545691,False,False,False
932,AI064,1,27,20260417,2026-04-17 18:24:41.701,2026-04-17 20:07:41.701,18,103.0,187.3125,68.64470724923615,False,False,False
933,UK169,4,13,20260417,2026-04-17 18:12:41.703,2026-04-17 23:01:41.703,18,289.0,185.35714285714286,78.63649665563553,False,False,False
934,UK144,4,2,20260417,2026-04-17 18:07:41.703,2026-04-17 20:59:41.703,18,172.0,169.51111111111112,72.0207904509422,False,False,False
935,AI118,1,14,20260417,2026-04-17 17:50:41.702,2026-04-17 19:59:41.702,17,129.0,152.80701754385964,78.4174813319461,False,False,False
936,SJ145,3,29,20260417,2026-04-17 17:41:41.702,2026-04-17 20:38:41.702,17,177.0,155.68421052631578,56.33141281891869,False,False,False
937,SJ077,3,27,20260417,2026-04-17 17:32:41.701,2026-04-17 19:40:41.701,17,128.0,187.3125,68.64470724923615,False,False,False
938,AI126,1,19,20260417,2026-04-17 17:26:41.702,2026-04-17 20:48:41.702,17,202.0,160.0,82.9511904676479,False,False,False
939,SJ033,3,13,20260417,2026-04-17 17:26:41.701,2026-04-17 18:51:41.701,17,85.0,185.35714285714286,78.63649665563553,False,False,False
940,SJ180,3,15,20260417,2026-04-17 17:12:41.703,2026-04-17 22:00:41.703,17,288.0,167.15384615384616,88.09934951300937,False,False,False
941,6F183,2,19,20260417,2026-04-17 17:08:41.703,2026-04-17 19:52:41.703,17,164.0,160.0,82.9511904676479,False,False,False
942,AI145,1,10,20260417,2026-04-17 17:06:41.702,2026-04-17 21:31:41.702,17,265.0,178.10714285714286,82.9878792067739,False,False,False
943,6F089,2,4,20260417,2026-04-17 17:06:41.702,2026-04-17 19:10:41.702,17,124.0,174.75925925925927,75.97192509877934,False,False,False
944,6F207,2,5,20260417,2026-04-17 16:59:41.703,2026-04-17 21:00:41.703,16,241.0,180.84615384615384,76.7315800998219,False,False,False
945,AI229,1,14,20260417,2026-04-17 16:48:41.703,2026-04-17 18:40:41.703,16,112.0,152.80701754385964,78.4174813319461,False,False,False
946,6F223,2,23,20260417,2026-04-17 16:47:41.704,2026-04-17 17:21:41.704,16,34.0,172.8153846153846,79.97223977490806,False,False,False
947,6F116,2,21,20260417,2026-04-17 16:43:41.702,2026-04-17 19:02:41.702,16,139.0,158.54166666666666,85.71742208720094,False,False,False
948,SJ240,3,5,20260417,2026-04-17 16:42:41.704,2026-04-17 20:21:41.704,16,219.0,180.84615384615384,76.7315800998219,False,False,False
949,SJ184,3,12,20260417,2026-04-17 16:32:41.703,2026-04-17 21:00:41.703,16,268.0,153.61111111111111,76.959941208792,False,False,False
950,AI087,1,11,20260417,2026-04-17 16:32:41.702,2026-04-17 20:30:41.702,16,238.0,155.96153846153845,81.71192361912954,False,False,False
951,UK148,4,17,20260417,2026-04-17 16:31:41.703,2026-04-17 18:43:41.703,16,132.0,155.4814814814815,86.09939264074637,False,False,False
952,AI210,1,6,20260417,2026-04-17 16:13:41.703,2026-04-17 18:50:41.703,16,157.0,147.73333333333332,73.89407596875976,False,False,False
953,6F093,2,12,20260417,2026-04-17 16:09:41.702,2026-04-17 20:00:41.702,16,231.0,153.61111111111111,76.959941208792,False,False,False
954,SJ080,3,1,20260417,2026-04-17 16:04:41.702,2026-04-17 17:59:41.702,16,115.0,171.29166666666666,79.96112053430373,False,False,False
955,SJ005,3,9,20260417,2026-04-17 16:03:41.701,2026-04-17 17:24:41.701,16,81.0,178.7826086956522,69.77232879596788,False,False,False
956,6F040,2,15,20260417,2026-04-17 15:52:41.701,2026-04-17 20:33:41.701,15,281.0,167.15384615384616,88.09934951300937,False,False,False
957,AI212,1,18,20260417,2026-04-17 15:31:41.703,2026-04-17 20:13:41.703,15,282.0,151.73076923076923,87.06437052769988,False,False,False
958,AI154,1,14,20260417,2026-04-17 15:25:41.703,2026-04-17 19:16:41.703,15,231.0,152.80701754385964,78.4174813319461,False,False,False
959,6F239,2,28,20260417,2026-04-17 15:24:41.704,2026-04-17 17:37:41.704,15,133.0,163.96969696969697,81.22018100835717,False,False,False
960,UK199,4,2,20260417,2026-04-17 15:24:41.703,2026-04-17 18:55:41.703,15,211.0,169.51111111111112,72.0207904509422,False,False,False
961,6F218,2,6,20260417,2026-04-17 15:16:41.704,2026-04-17 19:03:41.704,15,227.0,147.73333333333332,73.89407596875976,False,False,False
962,6F011,2,23,20260417,2026-04-17 15:16:41.701,2026-04-17 17:16:42.000,15,120.0,172.8153846153846,79.97223977490806,False,False,False
963,UK106,4,2,20260417,2026-04-17 15:12:41.702,2026-04-17 17:23:41.702,15,131.0,169.51111111111112,72.0207904509422,False,False,False
964,UK030,4,12,20260417,2026-04-17 15:11:41.701,2026-04-17 19:38:41.701,15,267.0,153.61111111111111,76.959941208792,False,False,False
965,6F090,2,24,20260417,2026-04-17 15:10:41.702,2026-04-17 19:22:41.702,15,252.0,162.76923076923077,80.76202458695928,False,False,False
966,AI184,1,2,20260417,2026-04-17 15:03:41.703,2026-04-17 17:03:42.000,15,120.0,169.51111111111112,72.0207904509422,False,False,False
967,SJ232,3,23,20260417,2026-04-17 15:02:41.704,2026-04-17 19:22:41.704,15,260.0,172.8153846153846,79.97223977490806,False,False,False
968,AI153,1,2,20260417,2026-04-17 15:02:41.703,2026-04-17 16:30:41.703,15,88.0,169.51111111111112,72.0207904509422,False,False,False
969,UK101,4,4,20260417,2026-04-17 15:00:41.702,2026-04-17 17:43:41.702,15,163.0,174.75925925925927,75.97192509877934,False,False,False
970,6F200,2,13,20260417,2026-04-17 14:54:41.703,2026-04-17 19:41:41.703,14,287.0,185.35714285714286,78.63649665563553,False,False,False
971,6F162,2,28,20260417,2026-04-17 14:50:41.703,2026-04-17 17:44:41.703,14,174.0,163.96969696969697,81.22018100835717,False,False,False
972,SJ197,3,24,20260417,2026-04-17 14:49:41.703,2026-04-17 17:33:41.703,14,164.0,162.76923076923077,80.76202458695928,False,False,False
973,AI174,1,18,20260417,2026-04-17 14:45:41.703,2026-04-17 17:01:41.703,14,136.0,151.73076923076923,87.06437052769988,False,False,False
974,UK090,4,14,20260417,2026-04-17 14:44:41.702,2026-04-17 17:24:41.702,14,160.0,152.80701754385964,78.4174813319461,False,False,False
975,UK124,4,23,20260417,2026-04-17 14:35:41.702,2026-04-17 17:09:41.702,14,154.0,172.8153846153846,79.97223977490806,False,False,False
976,AI239,1,5,20260417,2026-04-17 14:33:41.704,2026-04-17 17:47:41.704,14,194.0,180.84615384615384,76.7315800998219,False,False,False
977,UK002,4,1,20260417,2026-04-17 14:28:41.700,2026-04-17 19:20:41.700,14,292.0,171.29166666666666,79.96112053430373,False,False,False
978,SJ055,3,14,20260417,2026-04-17 14:17:41.701,2026-04-17 17:56:41.701,14,219.0,152.80701754385964,78.4174813319461,False,False,False
979,UK132,4,8,20260417,2026-04-17 14:12:41.702,2026-04-17 16:19:41.702,14,127.0,153.82051282051282,75.2759386296325,False,False,False
980,6F002,2,27,20260417,2026-04-17 14:11:41.700,2026-04-17 17:34:41.700,14,203.0,187.3125,68.64470724923615,False,False,False
981,UK005,4,16,20260417,2026-04-17 14:02:41.701,2026-04-17 18:14:41.701,14,252.0,183.40740740740742,80.06452170173525,False,False,False
982,6F258,2,8,20260417,2026-04-17 13:54:41.703,2026-04-17 16:49:41.703,13,175.0,153.82051282051282,75.2759386296325,False,False,False
983,SJ244,3,30,20260417,2026-04-17 13:51:41.704,2026-04-17 15:39:41.704,13,108.0,156.94736842105263,85.1668125792687,False,False,False
984,AI075,1,12,20260417,2026-04-17 13:51:41.702,2026-04-17 16:49:41.702,13,178.0,153.61111111111111,76.959941208792,False,False,False
985,AI160,1,11,20260417,2026-04-17 13:41:41.703,2026-04-17 17:01:41.703,13,200.0,155.96153846153845,81.71192361912954,False,False,False
986,UK091,4,28,20260417,2026-04-17 13:37:41.702,2026-04-17 17:31:41.702,13,234.0,163.96969696969697,81.22018100835717,False,False,False
987,UK195,4,17,20260417,2026-04-17 13:35:41.703,2026-04-17 16:35:41.703,13,180.0,155.4814814814815,86.09939264074637,False,False,False
988,6F044,2,4,20260417,2026-04-17 13:25:41.701,2026-04-17 17:36:41.701,13,251.0,174.75925925925927,75.97192509877934,False,False,False
989,6F248,2,4,20260417,2026-04-17 13:25:41.701,2026-04-17 17:36:41.701,13,251.0,174.75925925925927,75.97192509877934,False,False,False
990,6F204,2,18,20260417,2026-04-17 13:23:41.703,2026-04-17 16:04:41.703,13,161.0,151.73076923076923,87.06437052769988,False,False,False
991,SJ092,3,27,20260417,2026-04-17 13:19:41.702,2026-04-17 17:56:41.702,13,277.0,187.3125,68.64470724923615,False,False,False
992,AI119,1,23,20260417,2026-04-17 13:15:41.702,2026-04-17 15:57:41.702,13,162.0,172.8153846153846,79.97223977490806,False,False,False
993,AI151,1,19,20260417,2026-04-17 13:14:41.703,2026-04-17 14:10:41.703,13,56.0,160.0,82.9511904676479,False,False,False
994,UK107,4,17,20260417,2026-04-17 13:09:41.702,2026-04-17 14:25:41.702,13,76.0,155.4814814814815,86.09939264074637,False,False,False
995,SJ019,3,30,20260417,2026-04-17 13:07:41.701,2026-04-17 15:56:41.701,13,169.0,156.94736842105263,85.1668125792687,False,False,False
996,AI052,1,1,20260417,2026-04-17 13:06:41.701,2026-04-17 15:42:41.701,13,156.0,171.29166666666666,79.96112053430373,False,False,False
997,SJ177,3,2,20260417,2026-04-17 13:04:41.703,2026-04-17 17:37:41.703,13,273.0,169.51111111111112,72.0207904509422,False,False,False
998,6F215,2,7,20260417,2026-04-17 13:00:41.703,2026-04-17 17:30:41.703,13,270.0,170.0344827586207,73.42658274894177,False,False,False
999,AI223,1,2,20260417,2026-04-17 12:53:41.703,2026-04-17 14:42:41.703,12,109.0,169.51111111111112,72.0207904509422,False,False,False
1000,SJ069,3,24,20260417,2026-04-17 12:53:41.701,2026-04-17 14:17:41.701,12,84.0,162.76923076923077,80.76202458695928,False,False,False
1001,6F198,2,24,20260417,2026-04-17 12:40:41.703,2026-04-17 17:39:41.703,12,299.0,162.76923076923077,80.76202458695928,False,False,False
1002,AI093,1,26,20260417,2026-04-17 12:35:41.702,2026-04-17 17:28:41.702,12,293.0,176.52173913043478,70.9781461662784,False,False,False
1003,UK062,4,13,20260417,2026-04-17 12:33:41.701,2026-04-17 15:35:41.701,12,182.0,185.35714285714286,78.63649665563553,False,False,False
1004,6F057,2,11,20260417,2026-04-17 12:32:41.701,2026-04-17 15:50:41.701,12,198.0,155.96153846153845,81.71192361912954,False,False,False
1005,UK064,4,8,20260417,2026-04-17 12:25:41.701,2026-04-17 14:55:41.701,12,150.0,153.82051282051282,75.2759386296325,False,False,False
