flight_id,airline_code,airline_name,route_name,departure_time,arrival_time,duration_minutes,route_mean_duration,ml_is_anomaly,ml_anomaly_score
SJ010,SJ,SpiceJet,CCU -> MAA,2026-04-20 23:38:41.701,2026-04-21 02:32:41.701,174.0,171.29166666666666,0,0.3757
AI155,AI,Air India,BOM -> CCU,2026-04-20 23:35:41.703,2026-04-21 01:23:41.703,108.0,169.51111111111112,0,0.2557
UK094,UK,Vistara,BOM -> CCU,2026-04-20 23:26:41.702,2026-04-21 01:11:41.702,105.0,169.51111111111112,0,0.2471
AI245,AI,Air India,BOM -> CCU,2026-04-20 23:07:41.704,2026-04-21 01:43:41.704,156.0,169.51111111111112,0,0.3333
AI192,AI,Air India,MAA -> BOM,2026-04-20 23:05:41.703,2026-04-21 04:04:41.703,299.0,176.76190476190476,0,0.6339
SJ158,SJ,SpiceJet,DEL -> HYD,2026-04-20 23:05:41.703,2026-04-21 01:24:41.703,139.0,174.75925925925927,0,0.3019
6F196,6E,IndiGo,CCU -> MAA,2026-04-20 23:04:41.703,2026-04-21 00:47:41.703,103.0,171.29166666666666,0,0.2469
AI080,AI,Air India,BOM -> HYD,2026-04-20 23:03:41.702,2026-04-21 00:35:41.702,92.0,180.84615384615384,0,0.395
6F025,6E,IndiGo,BLR -> BOM,2026-04-20 23:02:41.701,2026-04-20 23:57:41.701,55.0,147.73333333333332,0,0.5051
6F251,6E,IndiGo,DEL -> BLR,2026-04-20 22:56:41.703,2026-04-20 23:37:41.703,41.0,170.0344827586207,0,0.597
AI137,AI,Air India,BOM -> DEL,2026-04-20 22:49:41.702,2026-04-21 01:17:41.702,148.0,153.82051282051282,0,0.3376
6F026,6E,IndiGo,BOM -> CCU,2026-04-20 22:46:42.000,2026-04-21 03:13:42.000,267.0,169.51111111111112,0,0.2824
UK167,UK,Vistara,DEL -> MAA,2026-04-20 22:45:41.703,2026-04-21 01:46:41.703,181.0,178.7826086956522,0,0.3849
UK027,UK,Vistara,BOM -> CCU,2026-04-20 22:44:41.701,2026-04-21 01:05:41.701,141.0,169.51111111111112,0,0.236
AI069,AI,Air India,DEL -> BOM,2026-04-20 22:43:41.702,2026-04-21 02:29:41.702,226.0,178.10714285714286,0,0.2584
AI058,AI,Air India,BOM -> CCU,2026-04-20 22:40:41.701,2026-04-21 00:18:41.701,98.0,169.51111111111112,0,0.1458
AI140,AI,Air India,BOM -> DEL,2026-04-20 22:25:41.702,2026-04-21 02:08:41.702,223.0,153.82051282051282,0,0.2132
SJ239,SJ,SpiceJet,BOM -> CCU,2026-04-20 22:24:41.704,2026-04-21 00:10:41.704,106.0,169.51111111111112,0,0.1561
6F099,6E,IndiGo,MAA -> DEL,2026-04-20 22:24:41.702,2026-04-20 22:59:41.702,35.0,155.96153846153845,0,0.5107
AI048,AI,Air India,CCU -> DEL,2026-04-20 22:23:41.701,2026-04-21 02:15:41.701,232.0,153.61111111111111,0,0.2153
SJ112,SJ,SpiceJet,HYD -> DEL,2026-04-20 22:20:41.702,2026-04-21 00:40:41.702,140.0,185.35714285714286,0,0.4114
6F164,6E,IndiGo,BLR -> BOM,2026-04-20 22:18:41.703,2026-04-21 00:45:41.703,147.0,147.73333333333332,0,0.5647
UK021,UK,Vistara,HYD -> MAA,2026-04-20 22:00:41.701,2026-04-20 23:50:41.701,110.0,152.80701754385964,0,0.191
SJ172,SJ,SpiceJet,CCU -> DEL,2026-04-20 21:58:41.703,2026-04-21 01:14:41.703,196.0,153.61111111111111,0,0.1633
AI060,AI,Air India,DEL -> HYD,2026-04-20 21:58:41.701,2026-04-20 23:51:41.701,113.0,174.75925925925927,0,0.1714
SJ205,SJ,SpiceJet,HYD -> CCU,2026-04-20 21:56:41.703,2026-04-20 23:00:41.703,64.0,167.15384615384616,0,0.3706
SJ093,SJ,SpiceJet,BLR -> BOM,2026-04-20 21:55:41.702,2026-04-20 23:01:41.702,66.0,147.73333333333332,0,0.361
6F195,6E,IndiGo,CCU -> DEL,2026-04-20 21:44:41.703,2026-04-20 22:39:41.703,55.0,153.61111111111111,0,0.259
UK003,UK,Vistara,HYD -> DEL,2026-04-20 21:41:41.700,2026-04-21 02:19:41.700,278.0,185.35714285714286,0,0.5523
UK026,UK,Vistara,HYD -> MAA,2026-04-20 21:38:41.701,2026-04-20 23:44:41.701,126.0,152.80701754385964,0,0.2139
6F174,6E,IndiGo,DEL -> HYD,2026-04-20 21:36:41.703,2026-04-20 22:16:41.703,40.0,174.75925925925927,0,0.6311
UK067,UK,Vistara,BOM -> CCU,2026-04-20 21:36:41.701,2026-04-21 01:02:41.701,206.0,169.51111111111112,0,0.1146
SJ149,SJ,SpiceJet,HYD -> MAA,2026-04-20 21:20:41.702,2026-04-20 23:20:42.000,120.0,152.80701754385964,0,0.172
6F213,6E,IndiGo,BLR -> BOM,2026-04-20 21:05:41.703,2026-04-21 00:32:41.703,207.0,147.73333333333332,0,0.2973
UK200,UK,Vistara,CCU -> DEL,2026-04-20 20:54:41.703,2026-04-20 22:45:41.703,111.0,153.61111111111111,0,0.1222
SJ214,SJ,SpiceJet,BOM -> MAA,2026-04-20 20:54:41.703,2026-04-20 22:10:41.703,76.0,183.40740740740742,0,0.4203
SJ047,SJ,SpiceJet,HYD -> BOM,2026-04-20 20:44:41.701,2026-04-20 21:21:41.701,37.0,155.4814814814815,0,0.3854
AI179,AI,Air India,HYD -> BOM,2026-04-20 20:41:41.703,2026-04-21 01:19:41.703,278.0,155.4814814814815,0,0.3369
SJ153,SJ,SpiceJet,DEL -> CCU,2026-04-20 20:37:41.702,2026-04-20 22:00:41.702,83.0,151.73076923076923,0,0.1436
6F236,6E,IndiGo,BOM -> DEL,2026-04-20 20:35:41.704,2026-04-20 23:54:41.704,199.0,153.82051282051282,0,0.1315
UK059,UK,Vistara,HYD -> MAA,2026-04-20 20:33:41.701,2026-04-20 22:10:41.701,97.0,152.80701754385964,0,0.1119
SJ001,SJ,SpiceJet,BOM -> MAA,2026-04-20 20:28:41.700,2026-04-21 01:15:41.700,287.0,183.40740740740742,0,0.4618
SJ049,SJ,SpiceJet,CCU -> DEL,2026-04-20 20:26:41.701,2026-04-21 00:26:41.701,240.0,153.61111111111111,0,0.1552
6F086,6E,IndiGo,MAA -> HYD,2026-04-20 20:23:41.702,2026-04-20 21:00:41.702,37.0,160.0,0,0.4564
AI220,AI,Air India,BOM -> DEL,2026-04-20 20:19:41.703,2026-04-20 21:57:41.703,98.0,153.82051282051282,0,0.0979
AI188,AI,Air India,CCU -> HYD,2026-04-20 20:16:41.703,2026-04-20 23:02:41.703,166.0,152.23809523809524,0,0.2067
6F114,6E,IndiGo,BOM -> MAA,2026-04-20 20:10:41.702,2026-04-20 21:00:41.702,50.0,183.40740740740742,0,0.6469
SJ179,SJ,SpiceJet,DEL -> HYD,2026-04-20 20:09:41.703,2026-04-20 23:39:41.703,210.0,174.75925925925927,0,0.1354
6F190,6E,IndiGo,DEL -> MAA,2026-04-20 20:02:41.703,2026-04-21 00:36:41.703,274.0,178.7826086956522,0,0.2953
SJ003,SJ,SpiceJet,MAA -> CCU,2026-04-20 19:50:41.701,2026-04-20 20:32:41.701,42.0,158.54166666666666,0,0.3551
6F028,6E,IndiGo,HYD -> CCU,2026-04-20 19:49:41.701,2026-04-20 21:49:41.701,120.0,167.15384615384616,0,0.1112
UK036,UK,Vistara,CCU -> BLR,2026-04-20 19:48:41.701,2026-04-21 00:12:41.701,264.0,167.35,0,0.2336
SJ160,SJ,SpiceJet,MAA -> BLR,2026-04-20 19:45:41.703,2026-04-20 20:30:41.703,45.0,172.8153846153846,0,0.4648
6F151,6E,IndiGo,CCU -> HYD,2026-04-20 19:44:41.703,2026-04-20 22:04:41.703,140.0,152.23809523809524,0,0.2199
UK140,UK,Vistara,MAA -> BLR,2026-04-20 19:37:41.703,2026-04-20 21:00:41.703,83.0,172.8153846153846,0,0.1613
AI115,AI,Air India,MAA -> BLR,2026-04-20 19:37:41.702,2026-04-21 00:26:41.702,289.0,172.8153846153846,0,0.3702
AI132,AI,Air India,BLR -> BOM,2026-04-20 19:32:41.702,2026-04-20 21:41:41.702,129.0,147.73333333333332,0,0.3429
UK209,UK,Vistara,MAA -> BLR,2026-04-20 19:02:41.704,2026-04-20 21:47:41.704,165.0,172.8153846153846,0,0.2039
SJ043,SJ,SpiceJet,MAA -> DEL,2026-04-20 18:59:41.701,2026-04-20 21:08:41.701,129.0,155.96153846153845,0,0.1499
UK176,UK,Vistara,HYD -> BLR,2026-04-20 18:41:41.703,2026-04-20 22:49:41.703,248.0,162.76923076923077,0,0.166
UK216,UK,Vistara,MAA -> HYD,2026-04-20 18:33:41.704,2026-04-20 21:47:41.704,194.0,160.0,0,0.1598
UK150,UK,Vistara,DEL -> CCU,2026-04-20 18:31:41.703,2026-04-20 19:01:41.703,30.0,151.73076923076923,0,0.464
UK145,UK,Vistara,BOM -> HYD,2026-04-20 18:30:41.703,2026-04-20 20:41:41.703,131.0,180.84615384615384,0,0.2049
6F270,6E,IndiGo,HYD -> MAA,2026-04-20 18:14:41.701,2026-04-20 19:02:41.701,48.0,152.80701754385964,0,0.2526
6F012,6E,IndiGo,CCU -> HYD,2026-04-20 18:06:41.701,2026-04-20 21:31:41.701,205.0,152.23809523809524,0,0.1042
SJ236,SJ,SpiceJet,MAA -> BOM,2026-04-20 18:03:41.704,2026-04-20 22:02:41.704,239.0,176.76190476190476,0,0.1621
6F149,6E,IndiGo,BLR -> CCU,2026-04-20 17:57:41.703,2026-04-20 20:42:41.703,165.0,128.52380952380952,0,0.6056
UK004,UK,Vistara,BOM -> CCU,2026-04-20 17:56:41.700,2026-04-20 18:30:41.700,34.0,169.51111111111112,0,0.5327
UK010,UK,Vistara,MAA -> HYD,2026-04-20 17:53:41.701,2026-04-20 20:40:41.701,167.0,160.0,0,0.2135
UK215,UK,Vistara,BOM -> DEL,2026-04-20 17:38:41.704,2026-04-20 19:50:41.704,132.0,153.82051282051282,0,0.1253
SJ116,SJ,SpiceJet,HYD -> CCU,2026-04-20 17:33:41.702,2026-04-20 19:02:41.702,89.0,167.15384615384616,0,0.0735
SJ023,SJ,SpiceJet,HYD -> MAA,2026-04-20 17:27:41.701,2026-04-20 19:09:41.701,102.0,152.80701754385964,0,0.0685
UK152,UK,Vistara,BOM -> CCU,2026-04-20 17:24:41.703,2026-04-20 20:13:41.703,169.0,169.51111111111112,0,0.2744
SJ202,SJ,SpiceJet,CCU -> HYD,2026-04-20 17:21:41.703,2026-04-20 19:08:41.703,107.0,152.23809523809524,0,0.0474
6F043,6E,IndiGo,BOM -> HYD,2026-04-20 17:17:41.701,2026-04-20 18:43:41.701,86.0,180.84615384615384,0,0.1823
UK173,UK,Vistara,MAA -> BLR,2026-04-20 17:06:41.703,2026-04-20 21:22:41.703,256.0,172.8153846153846,0,0.1063
SJ081,SJ,SpiceJet,BOM -> BLR,2026-04-20 17:04:41.702,2026-04-20 18:53:41.702,109.0,176.52173913043478,0,0.0487
UK153,UK,Vistara,CCU -> HYD,2026-04-20 16:52:41.703,2026-04-20 20:53:41.703,241.0,152.23809523809524,0,0.1334
UK187,UK,Vistara,BLR -> BOM,2026-04-20 16:52:41.703,2026-04-20 18:42:41.703,110.0,147.73333333333332,0,0.1667
UK055,UK,Vistara,HYD -> DEL,2026-04-20 16:48:41.701,2026-04-20 19:31:41.701,163.0,185.35714285714286,0,0.352
UK181,UK,Vistara,MAA -> DEL,2026-04-20 16:44:41.703,2026-04-20 19:26:41.703,162.0,155.96153846153845,0,0.1753
UK074,UK,Vistara,BOM -> DEL,2026-04-20 16:44:41.702,2026-04-20 18:41:41.702,117.0,153.82051282051282,0,0.0587
SJ068,SJ,SpiceJet,BLR -> BOM,2026-04-20 16:44:41.701,2026-04-20 18:48:41.701,124.0,147.73333333333332,0,0.2364
AI242,AI,Air India,BLR -> CCU,2026-04-20 16:41:41.704,2026-04-20 17:43:41.704,62.0,128.52380952380952,0,0.6811
SJ237,SJ,SpiceJet,BOM -> CCU,2026-04-20 16:32:41.704,2026-04-20 19:00:41.704,148.0,169.51111111111112,0,0.0834
6F194,6E,IndiGo,BOM -> CCU,2026-04-20 16:29:41.703,2026-04-20 18:27:41.703,118.0,169.51111111111112,0,0.0002
UK063,UK,Vistara,DEL -> BOM,2026-04-20 16:29:41.701,2026-04-20 17:41:41.701,72.0,178.10714285714286,0,0.2678
UK068,UK,Vistara,BLR -> MAA,2026-04-20 16:28:41.701,2026-04-20 18:09:41.701,101.0,187.3125,0,0.3944
UK224,UK,Vistara,CCU -> MAA,2026-04-20 16:25:41.704,2026-04-20 20:24:41.704,239.0,171.29166666666666,0,0.0715
UK077,UK,Vistara,HYD -> BOM,2026-04-20 16:22:41.702,2026-04-20 18:00:41.702,98.0,155.4814814814815,0,0.0458
UK207,UK,Vistara,MAA -> CCU,2026-04-20 16:21:41.703,2026-04-20 17:36:41.703,75.0,158.54166666666666,0,0.1446
AI221,AI,Air India,MAA -> HYD,2026-04-20 16:18:41.703,2026-04-20 18:54:41.703,156.0,160.0,0,0.2674
UK109,UK,Vistara,BLR -> BOM,2026-04-20 16:06:41.702,2026-04-20 17:06:42.000,60.0,147.73333333333332,0,0.3174
UK089,UK,Vistara,BOM -> HYD,2026-04-20 15:38:41.702,2026-04-20 19:50:41.702,252.0,180.84615384615384,0,0.1784
AI072,AI,Air India,BLR -> CCU,2026-04-20 15:34:41.702,2026-04-20 16:32:41.702,58.0,128.52380952380952,0,0.7096
UK131,UK,Vistara,BOM -> DEL,2026-04-20 15:33:41.702,2026-04-20 19:39:41.702,246.0,153.82051282051282,0,0.1418
SJ150,SJ,SpiceJet,BOM -> HYD,2026-04-20 15:33:41.702,2026-04-20 19:03:41.702,210.0,180.84615384615384,0,0.2348
6F097,6E,IndiGo,BLR -> BOM,2026-04-20 15:32:41.702,2026-04-20 16:49:41.702,77.0,147.73333333333332,0,0.2581
6F123,6E,IndiGo,DEL -> HYD,2026-04-20 15:26:41.702,2026-04-20 17:12:41.702,106.0,174.75925925925927,0,0.0596
6F017,6E,IndiGo,CCU -> BOM,2026-04-20 15:25:41.701,2026-04-20 18:06:41.701,161.0,163.96969696969697,0,0.2228
6F245,6E,IndiGo,CCU -> BOM,2026-04-20 15:25:41.701,2026-04-20 18:06:41.701,161.0,163.96969696969697,0,0.2228
6F180,6E,IndiGo,MAA -> BLR,2026-04-20 15:24:41.703,2026-04-20 19:48:41.703,264.0,172.8153846153846,0,0.14
6F152,6E,IndiGo,CCU -> DEL,2026-04-20 15:21:41.703,2026-04-20 17:25:41.703,124.0,153.61111111111111,0,0.0745
SJ034,SJ,SpiceJet,MAA -> BOM,2026-04-20 15:20:41.701,2026-04-20 20:11:41.701,291.0,176.76190476190476,0,0.394
SJ142,SJ,SpiceJet,CCU -> BOM,2026-04-20 15:14:41.702,2026-04-20 16:56:41.702,102.0,163.96969696969697,0,0.0738
UK189,UK,Vistara,BLR -> MAA,2026-04-20 15:07:41.703,2026-04-20 18:51:41.703,224.0,187.3125,0,0.4348
SJ044,SJ,SpiceJet,DEL -> CCU,2026-04-20 15:06:41.701,2026-04-20 17:43:41.701,157.0,151.73076923076923,0,0.208
SJ196,SJ,SpiceJet,DEL -> HYD,2026-04-20 14:58:41.703,2026-04-20 17:44:41.703,166.0,174.75925925925927,0,0.1142
6F188,6E,IndiGo,DEL -> HYD,2026-04-20 14:57:41.703,2026-04-20 19:39:41.703,282.0,174.75925925925927,0,0.2618
6F181,6E,IndiGo,BOM -> MAA,2026-04-20 14:55:41.703,2026-04-20 16:43:41.703,108.0,183.40740740740742,0,0.1662
6F077,6E,IndiGo,CCU -> DEL,2026-04-20 14:55:41.702,2026-04-20 19:13:41.702,258.0,153.61111111111111,0,0.178
SJ154,SJ,SpiceJet,BLR -> HYD,2026-04-20 14:47:41.702,2026-04-20 16:26:41.702,99.0,155.68421052631578,0,0.0234
AI025,AI,Air India,HYD -> DEL,2026-04-20 14:46:41.701,2026-04-20 17:11:41.701,145.0,185.35714285714286,0,0.2634
AI094,AI,Air India,DEL -> BLR,2026-04-20 14:44:41.702,2026-04-20 15:44:42.000,60.0,170.0344827586207,0,0.2676
6F191,6E,IndiGo,BLR -> DEL,2026-04-20 14:41:41.703,2026-04-20 15:11:41.703,30.0,156.94736842105263,0,0.5028
SJ085,SJ,SpiceJet,BLR -> MAA,2026-04-20 14:41:41.702,2026-04-20 19:11:41.702,270.0,187.3125,0,0.3745
6F261,6E,IndiGo,CCU -> DEL,2026-04-20 14:31:41.703,2026-04-20 17:29:41.703,178.0,153.61111111111111,0,0.0931
6F129,6E,IndiGo,DEL -> CCU,2026-04-20 14:28:41.702,2026-04-20 16:47:41.702,139.0,151.73076923076923,0,0.1957
6F254,6E,IndiGo,MAA -> BLR,2026-04-20 14:26:41.703,2026-04-20 18:01:41.703,215.0,172.8153846153846,0,0.0795
SJ185,SJ,SpiceJet,BOM -> CCU,2026-04-20 14:21:41.703,2026-04-20 15:21:41.703,60.0,169.51111111111112,0,0.2618
6F030,6E,IndiGo,BOM -> DEL,2026-04-20 14:20:41.701,2026-04-20 17:10:41.701,170.0,153.82051282051282,0,0.0895
SJ222,SJ,SpiceJet,BOM -> DEL,2026-04-20 14:15:41.703,2026-04-20 17:09:41.703,174.0,153.82051282051282,0,0.0976
6F259,6E,IndiGo,BOM -> DEL,2026-04-20 14:10:41.703,2026-04-20 15:21:41.703,71.0,153.82051282051282,0,0.1294
UK083,UK,Vistara,DEL -> HYD,2026-04-20 14:10:41.702,2026-04-20 14:59:41.702,49.0,174.75925925925927,0,0.424
6F051,6E,IndiGo,BLR -> BOM,2026-04-20 13:58:41.701,2026-04-20 15:58:41.701,120.0,147.73333333333332,0,0.2447
SJ088,SJ,SpiceJet,CCU -> MAA,2026-04-20 13:54:41.702,2026-04-20 14:26:41.702,32.0,171.29166666666666,0,0.5505
6F146,6E,IndiGo,HYD -> MAA,2026-04-20 13:51:41.703,2026-04-20 15:07:41.703,76.0,152.80701754385964,0,0.0967
6F047,6E,IndiGo,MAA -> DEL,2026-04-20 13:50:41.701,2026-04-20 15:55:41.701,125.0,155.96153846153845,0,0.0556
AI077,AI,Air India,CCU -> HYD,2026-04-20 13:45:41.702,2026-04-20 14:51:41.702,66.0,152.23809523809524,0,0.1465
UK134,UK,Vistara,HYD -> CCU,2026-04-20 13:44:41.702,2026-04-20 17:26:41.702,222.0,167.15384615384616,0,0.0759
AI056,AI,Air India,DEL -> MAA,2026-04-20 13:44:41.701,2026-04-20 17:39:41.701,235.0,178.7826086956522,0,0.1497
UK141,UK,Vistara,HYD -> MAA,2026-04-20 13:38:41.703,2026-04-20 15:59:41.703,141.0,152.80701754385964,0,0.1585
AI030,AI,Air India,CCU -> HYD,2026-04-20 13:33:41.701,2026-04-20 16:52:41.701,199.0,152.23809523809524,0,0.0777
AI029,AI,Air India,MAA -> DEL,2026-04-20 13:29:41.701,2026-04-20 17:53:41.701,264.0,155.96153846153845,0,0.221
SJ167,SJ,SpiceJet,MAA -> CCU,2026-04-20 13:18:41.703,2026-04-20 14:12:41.703,54.0,158.54166666666666,0,0.2307
UK017,UK,Vistara,BLR -> HYD,2026-04-20 13:14:41.701,2026-04-20 14:49:41.701,95.0,155.68421052631578,0,0.0075
6F229,6E,IndiGo,MAA -> DEL,2026-04-20 13:10:41.704,2026-04-20 14:30:41.704,80.0,155.96153846153845,0,0.0649
SJ117,SJ,SpiceJet,MAA -> BLR,2026-04-20 13:10:41.702,2026-04-20 17:06:41.702,236.0,172.8153846153846,0,0.0752
6F184,6E,IndiGo,MAA -> BOM,2026-04-20 13:05:41.703,2026-04-20 16:04:41.703,179.0,176.76190476190476,0,0.2607
AI031,AI,Air India,DEL -> MAA,2026-04-20 13:05:41.701,2026-04-20 16:11:41.701,186.0,178.7826086956522,0,0.2305
AI178,AI,Air India,CCU -> BLR,2026-04-20 13:04:41.703,2026-04-20 14:03:41.703,59.0,167.35,0,0.2952
SJ089,SJ,SpiceJet,HYD -> CCU,2026-04-20 12:42:41.702,2026-04-20 17:15:41.702,273.0,167.15384615384616,0,0.2496
UK166,UK,Vistara,HYD -> MAA,2026-04-20 12:39:41.703,2026-04-20 17:32:41.703,293.0,152.80701754385964,0,0.5482
UK104,UK,Vistara,DEL -> BOM,2026-04-20 12:30:41.702,2026-04-20 13:52:41.702,82.0,178.10714285714286,0,0.2435
6F168,6E,IndiGo,HYD -> DEL,2026-04-20 12:18:41.703,2026-04-20 15:58:41.703,220.0,185.35714285714286,0,0.3615
AI222,AI,Air India,BOM -> DEL,2026-04-20 12:10:41.703,2026-04-20 13:14:41.703,64.0,153.82051282051282,0,0.1448
SJ025,SJ,SpiceJet,BOM -> CCU,2026-04-20 12:02:41.701,2026-04-20 15:29:41.701,207.0,169.51111111111112,0,0.0605
6F255,6E,IndiGo,DEL -> BOM,2026-04-20 11:59:41.703,2026-04-20 15:33:41.703,214.0,178.10714285714286,0,0.1923
UK228,UK,Vistara,DEL -> MAA,2026-04-20 11:58:41.704,2026-04-20 15:08:41.704,190.0,178.7826086956522,0,0.276
6F158,6E,IndiGo,CCU -> MAA,2026-04-20 11:58:41.703,2026-04-20 16:04:41.703,246.0,171.29166666666666,0,0.107
SJ218,SJ,SpiceJet,DEL -> HYD,2026-04-20 11:58:41.703,2026-04-20 15:03:41.703,185.0,174.75925925925927,0,0.1884
6F034,6E,IndiGo,BOM -> DEL,2026-04-20 11:53:41.701,2026-04-20 12:49:41.701,56.0,153.82051282051282,0,0.165
UK156,UK,Vistara,MAA -> BLR,2026-04-20 11:50:41.703,2026-04-20 15:54:41.703,244.0,172.8153846153846,0,0.1292
6F105,6E,IndiGo,BLR -> BOM,2026-04-20 11:46:41.702,2026-04-20 12:58:41.702,72.0,147.73333333333332,0,0.2933
6F073,6E,IndiGo,DEL -> CCU,2026-04-20 11:38:41.702,2026-04-20 15:18:41.702,220.0,151.73076923076923,0,0.1561
SJ074,SJ,SpiceJet,DEL -> CCU,2026-04-20 11:21:41.701,2026-04-20 12:02:41.701,41.0,151.73076923076923,0,0.2784
6F234,6E,IndiGo,BOM -> DEL,2026-04-20 11:20:41.704,2026-04-20 14:11:41.704,171.0,153.82051282051282,0,0.1056
6F068,6E,IndiGo,BLR -> HYD,2026-04-20 11:17:41.701,2026-04-20 15:06:41.701,229.0,155.68421052631578,0,0.1262
6F074,6E,IndiGo,HYD -> BOM,2026-04-20 11:09:41.702,2026-04-20 14:29:41.702,200.0,155.4814814814815,0,0.09
AI038,AI,Air India,HYD -> MAA,2026-04-20 11:05:41.701,2026-04-20 15:44:41.701,279.0,152.80701754385964,0,0.3146
AI079,AI,Air India,CCU -> BLR,2026-04-20 11:04:41.702,2026-04-20 13:19:41.702,135.0,167.35,0,0.1449
SJ018,SJ,SpiceJet,BOM -> CCU,2026-04-20 10:58:41.701,2026-04-20 13:31:41.701,153.0,169.51111111111112,0,0.1511
6F018,6E,IndiGo,DEL -> BLR,2026-04-20 10:57:41.701,2026-04-20 11:43:41.701,46.0,170.0344827586207,0,0.3607
AI091,AI,Air India,CCU -> MAA,2026-04-20 10:52:41.702,2026-04-20 15:15:41.702,263.0,171.29166666666666,0,0.196
UK071,UK,Vistara,DEL -> HYD,2026-04-20 10:50:41.701,2026-04-20 14:06:41.701,196.0,174.75925925925927,0,0.151
AI019,AI,Air India,BOM -> CCU,2026-04-20 10:49:41.701,2026-04-20 11:51:41.701,62.0,169.51111111111112,0,0.2889
UK212,UK,Vistara,HYD -> MAA,2026-04-20 10:46:41.704,2026-04-20 11:31:41.704,45.0,152.80701754385964,0,0.2337
AI146,AI,Air India,BLR -> DEL,2026-04-20 10:40:41.702,2026-04-20 13:46:41.702,186.0,156.94736842105263,0,0.1353
6F232,6E,IndiGo,MAA -> BLR,2026-04-20 10:39:41.704,2026-04-20 12:22:41.704,103.0,172.8153846153846,0,0.0842
6F084,6E,IndiGo,CCU -> HYD,2026-04-20 10:34:41.702,2026-04-20 11:34:42.000,60.0,152.23809523809524,0,0.1601
AI129,AI,Air India,BOM -> CCU,2026-04-20 10:29:41.702,2026-04-20 13:38:41.702,189.0,169.51111111111112,0,0.1679
AI240,AI,Air India,MAA -> DEL,2026-04-20 10:19:41.704,2026-04-20 12:46:41.704,147.0,155.96153846153845,0,0.1679
6F091,6E,IndiGo,BLR -> CCU,2026-04-20 10:10:41.702,2026-04-20 11:36:41.702,86.0,128.52380952380952,1,0.7364
UK133,UK,Vistara,BOM -> DEL,2026-04-20 10:04:41.702,2026-04-20 13:16:41.702,192.0,153.82051282051282,0,0.1018
SJ007,SJ,SpiceJet,BOM -> CCU,2026-04-20 10:03:41.701,2026-04-20 14:53:41.701,290.0,169.51111111111112,0,0.3448
SJ141,SJ,SpiceJet,CCU -> DEL,2026-04-20 10:00:41.702,2026-04-20 13:37:41.702,217.0,153.61111111111111,0,0.1372
6F049,6E,IndiGo,HYD -> DEL,2026-04-20 10:00:41.701,2026-04-20 13:13:41.701,193.0,185.35714285714286,0,0.4351
SJ235,SJ,SpiceJet,BOM -> DEL,2026-04-20 09:57:41.704,2026-04-20 13:45:41.704,228.0,153.82051282051282,0,0.1304
UK087,UK,Vistara,HYD -> MAA,2026-04-20 09:49:41.702,2026-04-20 13:17:41.702,208.0,152.80701754385964,0,0.1123
UK170,UK,Vistara,BOM -> BLR,2026-04-20 09:42:41.703,2026-04-20 11:32:41.703,110.0,176.52173913043478,0,0.129
SJ078,SJ,SpiceJet,DEL -> HYD,2026-04-20 09:41:41.701,2026-04-20 12:49:41.701,188.0,174.75925925925927,0,0.2
SJ075,SJ,SpiceJet,MAA -> BLR,2026-04-20 09:26:41.701,2026-04-20 11:03:41.701,97.0,172.8153846153846,0,0.0934
AI159,AI,Air India,HYD -> BLR,2026-04-20 09:23:41.703,2026-04-20 11:36:41.703,133.0,162.76923076923077,0,0.209
UK120,UK,Vistara,HYD -> DEL,2026-04-20 09:19:41.702,2026-04-20 13:30:41.702,251.0,185.35714285714286,0,0.3965
AI059,AI,Air India,CCU -> DEL,2026-04-20 09:16:41.701,2026-04-20 11:43:41.701,147.0,153.61111111111111,0,0.1802
UK040,UK,Vistara,HYD -> CCU,2026-04-20 09:15:41.701,2026-04-20 10:32:41.701,77.0,167.15384615384616,0,0.2621
AI044,AI,Air India,MAA -> BLR,2026-04-20 09:03:41.701,2026-04-20 12:36:41.701,213.0,172.8153846153846,0,0.1204
AI078,AI,Air India,DEL -> BOM,2026-04-20 08:58:41.702,2026-04-20 13:28:41.702,270.0,178.10714285714286,0,0.2958
SJ226,SJ,SpiceJet,HYD -> BOM,2026-04-20 08:47:41.704,2026-04-20 12:54:41.704,247.0,155.4814814814815,0,0.1643
6F209,6E,IndiGo,MAA -> CCU,2026-04-20 08:40:41.703,2026-04-20 13:40:41.703,300.0,158.54166666666666,0,0.6292
UK193,UK,Vistara,HYD -> DEL,2026-04-20 08:39:41.703,2026-04-20 09:14:41.703,35.0,185.35714285714286,1,0.8081
6F092,6E,IndiGo,MAA -> BLR,2026-04-20 08:39:41.702,2026-04-20 09:15:41.702,36.0,172.8153846153846,0,0.5939
AI208,AI,Air India,BLR -> BOM,2026-04-20 08:38:41.703,2026-04-20 11:52:41.703,194.0,147.73333333333332,0,0.2937
SJ227,SJ,SpiceJet,BOM -> CCU,2026-04-20 08:32:41.704,2026-04-20 12:53:41.704,261.0,169.51111111111112,0,0.1811
6F238,6E,IndiGo,BOM -> DEL,2026-04-20 08:31:41.704,2026-04-20 09:19:41.704,48.0,153.82051282051282,0,0.2175
AI084,AI,Air India,BOM -> HYD,2026-04-20 08:31:41.702,2026-04-20 09:46:41.702,75.0,180.84615384615384,0,0.3648
SJ228,SJ,SpiceJet,BOM -> CCU,2026-04-20 08:29:41.704,2026-04-20 12:16:41.704,227.0,169.51111111111112,0,0.1487
UK194,UK,Vistara,CCU -> BOM,2026-04-20 08:26:41.703,2026-04-20 09:26:42.000,60.0,163.96969696969697,0,0.2878
6F126,6E,IndiGo,CCU -> MAA,2026-04-20 08:21:41.702,2026-04-20 09:39:41.702,78.0,171.29166666666666,0,0.2289
SJ052,SJ,SpiceJet,MAA -> BLR,2026-04-20 08:20:41.701,2026-04-20 09:57:41.701,97.0,172.8153846153846,0,0.1242
AI233,AI,Air India,BLR -> BOM,2026-04-20 08:04:41.704,2026-04-20 09:52:41.704,108.0,147.73333333333332,0,0.2721
AI213,AI,Air India,HYD -> CCU,2026-04-20 08:03:41.703,2026-04-20 09:14:41.703,71.0,167.15384615384616,0,0.2861
UK076,UK,Vistara,MAA -> CCU,2026-04-20 08:03:41.702,2026-04-20 12:26:41.702,263.0,158.54166666666666,0,0.2239
SJ022,SJ,SpiceJet,DEL -> BLR,2026-04-20 07:56:41.701,2026-04-20 11:07:41.701,191.0,170.0344827586207,0,0.2282
SJ002,SJ,SpiceJet,DEL -> BOM,2026-04-20 07:54:41.701,2026-04-20 12:40:41.701,286.0,178.10714285714286,0,0.4205
AI163,AI,Air India,HYD -> MAA,2026-04-20 07:45:41.703,2026-04-20 08:46:41.703,61.0,152.80701754385964,0,0.198
UK229,UK,Vistara,HYD -> DEL,2026-04-20 07:40:41.704,2026-04-20 11:57:41.704,257.0,185.35714285714286,0,0.4138
UK185,UK,Vistara,DEL -> MAA,2026-04-20 07:31:41.703,2026-04-20 08:48:41.703,77.0,178.7826086956522,0,0.3534
6F029,6E,IndiGo,BOM -> BLR,2026-04-20 07:31:41.701,2026-04-20 11:45:41.701,254.0,176.52173913043478,0,0.2577
6F056,6E,IndiGo,BOM -> MAA,2026-04-20 07:00:41.701,2026-04-20 08:49:41.701,109.0,183.40740740740742,0,0.3075
AI062,AI,Air India,MAA -> DEL,2026-04-20 06:49:41.701,2026-04-20 07:25:41.701,36.0,155.96153846153845,0,0.4211
UK034,UK,Vistara,DEL -> BLR,2026-04-20 06:47:41.701,2026-04-20 10:11:41.701,204.0,170.0344827586207,0,0.1841
UK079,UK,Vistara,DEL -> BLR,2026-04-20 06:43:41.702,2026-04-20 10:34:41.702,231.0,170.0344827586207,0,0.182
AI135,AI,Air India,BLR -> BOM,2026-04-20 06:40:41.702,2026-04-20 09:21:41.702,161.0,147.73333333333332,0,0.3934
SJ061,SJ,SpiceJet,MAA -> BLR,2026-04-20 06:38:41.701,2026-04-20 09:35:41.701,177.0,172.8153846153846,0,0.3683
AI047,AI,Air India,CCU -> MAA,2026-04-20 06:36:41.701,2026-04-20 07:23:41.701,47.0,171.29166666666666,0,0.4357
UK210,UK,Vistara,DEL -> CCU,2026-04-20 06:35:41.704,2026-04-20 07:30:41.704,55.0,151.73076923076923,0,0.2634
AI088,AI,Air India,MAA -> DEL,2026-04-20 06:34:41.702,2026-04-20 10:10:41.702,216.0,155.96153846153845,0,0.2032
UK177,UK,Vistara,DEL -> HYD,2026-04-20 06:21:41.703,2026-04-20 10:50:41.703,269.0,174.75925925925927,0,0.2491
AI128,AI,Air India,BOM -> CCU,2026-04-20 06:07:41.702,2026-04-20 10:03:41.702,236.0,169.51111111111112,0,0.193
AI158,AI,Air India,CCU -> DEL,2026-04-20 06:04:41.703,2026-04-20 09:01:41.703,177.0,153.61111111111111,0,0.2085
UK206,UK,Vistara,MAA -> BLR,2026-04-20 06:01:41.703,2026-04-20 10:34:41.703,273.0,172.8153846153846,0,0.2875
SJ138,SJ,SpiceJet,BLR -> BOM,2026-04-20 05:55:41.702,2026-04-20 06:43:41.702,48.0,147.73333333333332,0,0.4432
AI034,AI,Air India,DEL -> BOM,2026-04-20 05:48:41.701,2026-04-20 10:31:41.701,283.0,178.10714285714286,0,0.4203
AI012,AI,Air India,BOM -> CCU,2026-04-20 05:44:41.701,2026-04-20 09:47:41.701,243.0,169.51111111111112,0,0.2123
6F083,6E,IndiGo,BLR -> DEL,2026-04-20 05:24:41.702,2026-04-20 06:03:41.702,39.0,156.94736842105263,0,0.4103
SJ083,SJ,SpiceJet,MAA -> BLR,2026-04-20 05:13:41.702,2026-04-20 08:17:41.702,184.0,172.8153846153846,0,0.3076
SJ186,SJ,SpiceJet,CCU -> DEL,2026-04-20 05:11:41.703,2026-04-20 07:22:41.703,131.0,153.61111111111111,0,0.2069
UK001,UK,Vistara,CCU -> DEL,2026-04-20 05:06:41.700,2026-04-20 06:31:41.700,85.0,153.61111111111111,0,0.1527
AI217,AI,Air India,CCU -> BLR,2026-04-20 04:57:41.703,2026-04-20 07:14:41.703,137.0,167.35,0,0.264
6F178,6E,IndiGo,BOM -> CCU,2026-04-20 04:48:41.703,2026-04-20 09:11:41.703,263.0,169.51111111111112,0,0.2864
UK015,UK,Vistara,BLR -> BOM,2026-04-20 04:46:41.701,2026-04-20 06:33:41.701,107.0,147.73333333333332,0,0.3855
AI112,AI,Air India,DEL -> BLR,2026-04-20 04:41:41.702,2026-04-20 08:24:41.702,223.0,170.0344827586207,0,0.2195
UK100,UK,Vistara,CCU -> BLR,2026-04-20 04:40:41.702,2026-04-20 07:12:41.702,152.0,167.35,0,0.3182
6F133,6E,IndiGo,MAA -> BLR,2026-04-20 04:38:41.702,2026-04-20 06:25:41.702,107.0,172.8153846153846,0,0.2059
AI227,AI,Air India,BLR -> MAA,2026-04-20 04:31:41.703,2026-04-20 08:17:41.703,226.0,187.3125,0,0.5168
UK093,UK,Vistara,HYD -> CCU,2026-04-20 04:31:41.702,2026-04-20 05:21:41.702,50.0,167.15384615384616,0,0.432
UK203,UK,Vistara,BLR -> HYD,2026-04-20 04:12:41.703,2026-04-20 05:24:41.703,72.0,155.68421052631578,0,0.2723
UK154,UK,Vistara,MAA -> HYD,2026-04-20 04:00:41.703,2026-04-20 07:57:41.703,237.0,160.0,0,0.2894
UK073,UK,Vistara,BLR -> CCU,2026-04-20 03:59:41.702,2026-04-20 08:09:41.702,250.0,128.52380952380952,1,0.818
AI164,AI,Air India,DEL -> BLR,2026-04-20 03:57:41.703,2026-04-20 05:45:41.703,108.0,170.0344827586207,0,0.1994
UK008,UK,Vistara,CCU -> BLR,2026-04-20 03:57:41.701,2026-04-20 04:34:41.701,37.0,167.35,0,0.5529
UK051,UK,Vistara,HYD -> DEL,2026-04-20 03:55:41.701,2026-04-20 06:55:41.701,180.0,185.35714285714286,0,0.5703
UK208,UK,Vistara,DEL -> CCU,2026-04-20 03:54:41.704,2026-04-20 08:51:41.704,297.0,151.73076923076923,1,0.7664
AI150,AI,Air India,BOM -> DEL,2026-04-20 03:51:41.703,2026-04-20 04:38:41.703,47.0,153.82051282051282,0,0.3017
AI189,AI,Air India,CCU -> DEL,2026-04-20 03:44:41.703,2026-04-20 05:32:41.703,108.0,153.61111111111111,0,0.2008
6F230,6E,IndiGo,CCU -> BLR,2026-04-20 03:34:41.704,2026-04-20 06:47:41.704,193.0,167.35,0,0.3043
6F169,6E,IndiGo,BOM -> DEL,2026-04-20 03:27:41.703,2026-04-20 08:06:41.703,279.0,153.82051282051282,0,0.4244
AI205,AI,Air India,BLR -> BOM,2026-04-20 03:26:41.703,2026-04-20 05:14:41.703,108.0,147.73333333333332,0,0.3914
AI103,AI,Air India,BLR -> BOM,2026-04-20 03:26:41.702,2026-04-20 04:04:41.702,38.0,147.73333333333332,0,0.5295
6F250,6E,IndiGo,DEL -> BLR,2026-04-20 03:26:41.701,2026-04-20 07:30:41.701,244.0,170.0344827586207,0,0.2469
AI246,AI,Air India,BOM -> BLR,2026-04-20 03:22:41.704,2026-04-20 06:41:41.704,199.0,176.52173913043478,0,0.3621
6F187,6E,IndiGo,BOM -> MAA,2026-04-20 03:19:41.703,2026-04-20 07:37:41.703,258.0,183.40740740740742,0,0.4235
AI082,AI,Air India,DEL -> CCU,2026-04-20 03:19:41.702,2026-04-20 06:01:41.702,162.0,151.73076923076923,0,0.3258
UK116,UK,Vistara,CCU -> BOM,2026-04-20 03:18:41.702,2026-04-20 07:06:41.702,228.0,163.96969696969697,0,0.3147
SJ169,SJ,SpiceJet,BOM -> MAA,2026-04-20 03:10:41.703,2026-04-20 07:56:41.703,286.0,183.40740740740742,0,0.5399
AI175,AI,Air India,BOM -> HYD,2026-04-20 03:08:41.703,2026-04-20 06:55:41.703,227.0,180.84615384615384,0,0.4207
SJ098,SJ,SpiceJet,HYD -> MAA,2026-04-20 03:02:41.702,2026-04-20 03:37:41.702,35.0,152.80701754385964,0,0.4484
SJ191,SJ,SpiceJet,BLR -> BOM,2026-04-20 03:01:41.703,2026-04-20 04:23:41.703,82.0,147.73333333333332,0,0.3807
SJ017,SJ,SpiceJet,DEL -> MAA,2026-04-20 02:57:41.701,2026-04-20 05:00:41.701,123.0,178.7826086956522,0,0.343
UK188,UK,Vistara,MAA -> BLR,2026-04-20 02:55:41.703,2026-04-20 03:44:41.703,49.0,172.8153846153846,0,0.5154
AI196,AI,Air India,MAA -> HYD,2026-04-20 02:52:41.703,2026-04-20 04:25:41.703,93.0,160.0,0,0.2809
AI068,AI,Air India,BOM -> BLR,2026-04-20 02:48:41.702,2026-04-20 04:48:42.000,120.0,176.52173913043478,0,0.3122
SJ097,SJ,SpiceJet,BOM -> CCU,2026-04-20 02:37:41.702,2026-04-20 05:27:41.702,170.0,169.51111111111112,0,0.441
SJ030,SJ,SpiceJet,DEL -> HYD,2026-04-20 02:36:41.701,2026-04-20 03:19:41.701,43.0,174.75925925925927,0,0.63
6F179,6E,IndiGo,HYD -> MAA,2026-04-20 02:25:41.703,2026-04-20 06:40:41.703,255.0,152.80701754385964,0,0.3243
6F156,6E,IndiGo,MAA -> BOM,2026-04-20 02:23:41.703,2026-04-20 04:57:41.703,154.0,176.76190476190476,0,0.3408
6F250,6E,IndiGo,CCU -> BLR,2026-04-20 02:23:41.702,2026-04-20 02:56:41.702,33.0,167.35,0,0.6658
SJ057,SJ,SpiceJet,BOM -> CCU,2026-04-20 02:17:41.701,2026-04-20 05:29:41.701,192.0,169.51111111111112,0,0.326
6F036,6E,IndiGo,CCU -> BLR,2026-04-20 02:14:41.701,2026-04-20 06:57:41.701,283.0,167.35,0,0.4698
6F201,6E,IndiGo,CCU -> BOM,2026-04-20 02:09:41.703,2026-04-20 06:49:41.703,280.0,163.96969696969697,0,0.4765
6F143,6E,IndiGo,CCU -> DEL,2026-04-20 02:09:41.702,2026-04-20 06:08:41.702,239.0,153.61111111111111,0,0.273
6F177,6E,IndiGo,HYD -> MAA,2026-04-20 02:03:41.703,2026-04-20 04:25:41.703,142.0,152.80701754385964,0,0.3888
6F031,6E,IndiGo,BOM -> BLR,2026-04-20 02:00:41.701,2026-04-20 06:37:41.701,277.0,176.52173913043478,0,0.4302
UK165,UK,Vistara,DEL -> BLR,2026-04-20 01:51:41.703,2026-04-20 06:04:41.703,253.0,170.0344827586207,0,0.3093
6F122,6E,IndiGo,DEL -> BLR,2026-04-20 01:44:41.702,2026-04-20 05:28:41.702,224.0,170.0344827586207,0,0.3074
AI009,AI,Air India,DEL -> CCU,2026-04-20 01:31:41.701,2026-04-20 04:05:41.701,154.0,151.73076923076923,0,0.4897
6F046,6E,IndiGo,DEL -> BLR,2026-04-20 01:27:41.701,2026-04-20 05:08:41.701,221.0,170.0344827586207,0,0.3174
AI051,AI,Air India,MAA -> BLR,2026-04-20 01:27:41.701,2026-04-20 02:22:41.701,55.0,172.8153846153846,0,0.49
UK222,UK,Vistara,BOM -> CCU,2026-04-20 01:22:41.704,2026-04-20 02:57:41.704,95.0,169.51111111111112,0,0.2503
SJ127,SJ,SpiceJet,BOM -> DEL,2026-04-20 01:21:41.702,2026-04-20 03:58:41.702,157.0,153.82051282051282,0,0.4202
AI226,AI,Air India,BLR -> HYD,2026-04-20 01:19:41.703,2026-04-20 04:08:41.703,169.0,155.68421052631578,0,0.345
AI216,AI,Air India,BOM -> CCU,2026-04-20 01:10:41.703,2026-04-20 02:34:41.703,84.0,169.51111111111112,0,0.2923
6F058,6E,IndiGo,BOM -> CCU,2026-04-20 01:04:41.701,2026-04-20 03:33:41.701,149.0,169.51111111111112,0,0.336
SJ207,SJ,SpiceJet,DEL -> CCU,2026-04-20 00:52:41.703,2026-04-20 04:05:41.703,193.0,151.73076923076923,0,0.4582
SJ198,SJ,SpiceJet,CCU -> BOM,2026-04-20 00:47:41.703,2026-04-20 05:28:41.703,281.0,163.96969696969697,0,0.5993
SJ108,SJ,SpiceJet,BLR -> HYD,2026-04-20 00:40:41.702,2026-04-20 03:16:41.702,156.0,155.68421052631578,0,0.5479
SJ155,SJ,SpiceJet,DEL -> CCU,2026-04-20 00:38:41.702,2026-04-20 05:38:41.702,300.0,151.73076923076923,1,0.8921
6F193,6E,IndiGo,BOM -> MAA,2026-04-20 00:34:41.703,2026-04-20 02:32:41.703,118.0,183.40740740740742,0,0.5653
6F019,6E,IndiGo,BLR -> BOM,2026-04-20 00:19:41.701,2026-04-20 04:14:41.701,235.0,147.73333333333332,0,0.558
AI102,AI,Air India,CCU -> BLR,2026-04-20 00:17:41.702,2026-04-20 05:08:41.702,291.0,167.35,0,0.6209
6F166,6E,IndiGo,BOM -> CCU,2026-04-20 00:03:41.703,2026-04-20 04:33:41.703,270.0,169.51111111111112,0,0.47
UK175,UK,Vistara,BLR -> BOM,2026-04-19 23:56:41.703,2026-04-20 03:18:41.703,202.0,147.73333333333332,0,0.436
6F010,6E,IndiGo,DEL -> BLR,2026-04-19 23:53:41.701,2026-04-20 03:44:41.701,231.0,170.0344827586207,0,0.2202
AI234,AI,Air India,BOM -> MAA,2026-04-19 23:50:41.704,2026-04-20 01:34:41.704,104.0,183.40740740740742,0,0.4149
UK135,UK,Vistara,HYD -> DEL,2026-04-19 23:50:41.702,2026-04-20 01:43:41.702,113.0,185.35714285714286,0,0.5017
6F272,6E,IndiGo,HYD -> MAA,2026-04-19 23:35:41.702,2026-04-20 00:22:41.702,47.0,152.80701754385964,0,0.4452
AI061,AI,Air India,BOM -> CCU,2026-04-19 23:31:41.701,2026-04-20 01:02:41.701,91.0,169.51111111111112,0,0.2509
6F070,6E,IndiGo,HYD -> DEL,2026-04-19 23:23:41.701,2026-04-20 02:24:41.701,181.0,185.35714285714286,0,0.5895
AI015,AI,Air India,BLR -> CCU,2026-04-19 23:21:41.701,2026-04-20 01:15:41.701,114.0,128.52380952380952,1,0.8783
SJ076,SJ,SpiceJet,DEL -> MAA,2026-04-19 23:01:41.701,2026-04-20 02:02:41.701,181.0,178.7826086956522,0,0.457
SJ029,SJ,SpiceJet,HYD -> DEL,2026-04-19 22:55:41.701,2026-04-20 00:22:41.701,87.0,185.35714285714286,0,0.5163
SJ194,SJ,SpiceJet,CCU -> DEL,2026-04-19 22:46:41.703,2026-04-20 02:31:41.703,225.0,153.61111111111111,0,0.2139
AI235,AI,Air India,BLR -> HYD,2026-04-19 22:45:41.704,2026-04-20 02:12:41.704,207.0,155.68421052631578,0,0.1974
SJ048,SJ,SpiceJet,MAA -> BLR,2026-04-19 22:43:41.701,2026-04-20 00:19:41.701,96.0,172.8153846153846,0,0.1611
SJ114,SJ,SpiceJet,HYD -> DEL,2026-04-19 22:42:41.702,2026-04-20 02:02:41.702,200.0,185.35714285714286,0,0.4846
SJ146,SJ,SpiceJet,HYD -> BLR,2026-04-19 22:37:41.702,2026-04-20 00:33:41.702,116.0,162.76923076923077,0,0.2053
UK041,UK,Vistara,HYD -> MAA,2026-04-19 22:37:41.701,2026-04-19 23:44:41.701,67.0,152.80701754385964,0,0.2531
6F075,6E,IndiGo,BOM -> CCU,2026-04-19 22:20:41.702,2026-04-20 03:02:41.702,282.0,169.51111111111112,0,0.3826
SJ020,SJ,SpiceJet,BLR -> BOM,2026-04-19 22:18:41.701,2026-04-20 02:27:41.701,249.0,147.73333333333332,0,0.4846
SJ099,SJ,SpiceJet,MAA -> BLR,2026-04-19 22:14:41.702,2026-04-20 00:34:41.702,140.0,172.8153846153846,0,0.1784
6F078,6E,IndiGo,BOM -> CCU,2026-04-19 22:04:41.702,2026-04-19 23:37:41.702,93.0,169.51111111111112,0,0.1481
UK219,UK,Vistara,BOM -> HYD,2026-04-19 22:03:41.704,2026-04-20 02:21:41.704,258.0,180.84615384615384,0,0.3383
UK223,UK,Vistara,CCU -> DEL,2026-04-19 21:58:41.704,2026-04-19 22:30:41.704,32.0,153.61111111111111,0,0.4815
UK227,UK,Vistara,BOM -> HYD,2026-04-19 21:57:41.704,2026-04-20 01:47:41.704,230.0,180.84615384615384,0,0.2478
6F260,6E,IndiGo,CCU -> DEL,2026-04-19 21:51:41.702,2026-04-20 01:14:41.702,203.0,153.61111111111111,0,0.1396
AI096,AI,Air India,CCU -> DEL,2026-04-19 21:48:41.702,2026-04-20 02:46:41.702,298.0,153.61111111111111,0,0.6879
6F022,6E,IndiGo,MAA -> BLR,2026-04-19 21:46:41.701,2026-04-20 02:05:41.701,259.0,172.8153846153846,0,0.2619
6F237,6E,IndiGo,HYD -> MAA,2026-04-19 21:41:41.704,2026-04-20 00:44:41.704,183.0,152.80701754385964,0,0.2043
UK146,UK,Vistara,BOM -> MAA,2026-04-19 21:40:41.703,2026-04-20 00:08:41.703,148.0,183.40740740740742,0,0.2981
SJ015,SJ,SpiceJet,BOM -> CCU,2026-04-19 21:40:41.701,2026-04-19 22:52:41.701,72.0,169.51111111111112,0,0.3096
AI108,AI,Air India,BLR -> CCU,2026-04-19 21:32:41.702,2026-04-20 00:17:41.702,165.0,128.52380952380952,0,0.6573
UK020,UK,Vistara,MAA -> BLR,2026-04-19 21:23:41.701,2026-04-19 22:38:41.701,75.0,172.8153846153846,0,0.3301
6F113,6E,IndiGo,BOM -> CCU,2026-04-19 21:04:41.702,2026-04-20 01:30:41.702,266.0,169.51111111111112,0,0.2591
6F112,6E,IndiGo,HYD -> DEL,2026-04-19 21:00:41.702,2026-04-19 23:16:41.702,136.0,185.35714285714286,0,0.3497
6F246,6E,IndiGo,HYD -> DEL,2026-04-19 21:00:41.702,2026-04-19 23:16:41.702,136.0,185.35714285714286,0,0.3497
UK158,UK,Vistara,BOM -> MAA,2026-04-19 20:49:41.703,2026-04-19 21:22:41.703,33.0,183.40740740740742,1,0.8176
UK159,UK,Vistara,CCU -> BLR,2026-04-19 20:45:41.703,2026-04-19 23:32:41.703,167.0,167.35,0,0.3586
UK084,UK,Vistara,MAA -> DEL,2026-04-19 20:44:41.702,2026-04-20 00:20:41.702,216.0,155.96153846153845,0,0.1627
SJ206,SJ,SpiceJet,DEL -> CCU,2026-04-19 20:43:41.703,2026-04-20 01:21:41.703,278.0,151.73076923076923,0,0.4381
UK044,UK,Vistara,BLR -> BOM,2026-04-19 20:31:41.701,2026-04-19 23:29:41.701,178.0,147.73333333333332,0,0.3125
SJ036,SJ,SpiceJet,DEL -> HYD,2026-04-19 20:24:41.701,2026-04-19 23:54:41.701,210.0,174.75925925925927,0,0.1354
6F176,6E,IndiGo,CCU -> DEL,2026-04-19 20:23:42.000,2026-04-19 23:23:42.000,180.0,153.61111111111111,0,0.1453
6F148,6E,IndiGo,CCU -> BOM,2026-04-19 20:23:41.703,2026-04-19 22:30:41.703,127.0,163.96969696969697,0,0.1254
6F202,6E,IndiGo,HYD -> BLR,2026-04-19 20:18:41.703,2026-04-19 23:48:41.703,210.0,162.76923076923077,0,0.1491
6F071,6E,IndiGo,DEL -> CCU,2026-04-19 20:18:41.702,2026-04-20 00:31:41.702,253.0,151.73076923076923,0,0.3167
AI105,AI,Air India,CCU -> DEL,2026-04-19 20:16:41.702,2026-04-19 22:03:41.702,107.0,153.61111111111111,0,0.1151
AI241,AI,Air India,HYD -> BLR,2026-04-19 20:11:41.704,2026-04-19 22:18:41.704,127.0,162.76923076923077,0,0.1361
SJ162,SJ,SpiceJet,DEL -> HYD,2026-04-19 20:11:41.703,2026-04-19 22:30:41.703,139.0,174.75925925925927,0,0.136
6F003,6E,IndiGo,HYD -> BOM,2026-04-19 20:06:41.700,2026-04-19 23:13:41.700,187.0,155.4814814814815,0,0.1309
6F249,6E,IndiGo,HYD -> BOM,2026-04-19 20:06:41.700,2026-04-19 23:13:41.700,187.0,155.4814814814815,0,0.1309
AI237,AI,Air India,BOM -> CCU,2026-04-19 19:58:41.704,2026-04-19 23:13:41.704,195.0,169.51111111111112,0,0.1336
SJ134,SJ,SpiceJet,BOM -> CCU,2026-04-19 19:58:41.702,2026-04-20 00:15:41.702,257.0,169.51111111111112,0,0.1538
AI071,AI,Air India,BOM -> MAA,2026-04-19 19:55:41.702,2026-04-19 22:58:41.702,183.0,183.40740740740742,0,0.4695
6F118,6E,IndiGo,CCU -> HYD,2026-04-19 19:52:41.702,2026-04-19 21:01:41.702,69.0,152.23809523809524,0,0.1962
6F014,6E,IndiGo,DEL -> MAA,2026-04-19 19:42:41.701,2026-04-19 23:15:41.701,213.0,178.7826086956522,0,0.2105
6F065,6E,IndiGo,MAA -> BLR,2026-04-19 19:40:41.701,2026-04-19 22:23:41.701,163.0,172.8153846153846,0,0.1907
6F271,6E,IndiGo,HYD -> MAA,2026-04-19 19:33:41.702,2026-04-19 22:52:41.702,199.0,152.80701754385964,0,0.1204
SJ070,SJ,SpiceJet,MAA -> CCU,2026-04-19 18:55:41.701,2026-04-19 20:48:41.701,113.0,158.54166666666666,0,0.0894
6F007,6E,IndiGo,HYD -> MAA,2026-04-19 18:55:41.701,2026-04-19 19:54:41.701,59.0,152.80701754385964,0,0.1923
UK007,UK,Vistara,DEL -> HYD,2026-04-19 18:50:41.701,2026-04-19 21:04:41.701,134.0,174.75925925925927,0,0.1077
SJ192,SJ,SpiceJet,HYD -> BOM,2026-04-19 18:45:42.000,2026-04-19 23:45:42.000,300.0,155.4814814814815,0,0.6744
AI097,AI,Air India,HYD -> MAA,2026-04-19 18:42:41.702,2026-04-19 23:34:41.702,292.0,152.80701754385964,0,0.5518
6F256,6E,IndiGo,BOM -> CCU,2026-04-19 18:40:41.702,2026-04-19 19:13:41.702,33.0,169.51111111111112,0,0.5739
UK047,UK,Vistara,BLR -> HYD,2026-04-19 18:40:41.701,2026-04-19 22:45:41.701,245.0,155.68421052631578,0,0.1359
AI024,AI,Air India,MAA -> BOM,2026-04-19 18:38:41.701,2026-04-19 19:45:41.701,67.0,176.76190476190476,0,0.3415
UK113,UK,Vistara,CCU -> DEL,2026-04-19 18:34:41.702,2026-04-19 22:58:41.702,264.0,153.61111111111111,0,0.218
SJ163,SJ,SpiceJet,DEL -> HYD,2026-04-19 18:32:41.703,2026-04-19 23:08:41.703,276.0,174.75925925925927,0,0.2518
SJ208,SJ,SpiceJet,DEL -> HYD,2026-04-19 18:32:41.703,2026-04-19 19:33:41.703,61.0,174.75925925925927,0,0.385
SJ221,SJ,SpiceJet,MAA -> HYD,2026-04-19 18:31:41.703,2026-04-19 23:17:41.703,286.0,160.0,0,0.4338
SJ084,SJ,SpiceJet,HYD -> MAA,2026-04-19 18:31:41.702,2026-04-19 19:30:41.702,59.0,152.80701754385964,0,0.1923
6F127,6E,IndiGo,HYD -> BOM,2026-04-19 18:27:41.702,2026-04-19 22:28:41.702,241.0,155.4814814814815,0,0.103
AI122,AI,Air India,BOM -> CCU,2026-04-19 18:25:41.702,2026-04-19 22:36:41.702,251.0,169.51111111111112,0,0.0727
AI139,AI,Air India,HYD -> MAA,2026-04-19 18:23:41.702,2026-04-19 19:24:41.702,61.0,152.80701754385964,0,0.1767
UK149,UK,Vistara,MAA -> DEL,2026-04-19 18:22:41.703,2026-04-19 23:08:41.703,286.0,155.96153846153845,0,0.4506
AI149,AI,Air India,BOM -> HYD,2026-04-19 18:19:41.703,2026-04-19 21:36:41.703,197.0,180.84615384615384,0,0.3179
SJ243,SJ,SpiceJet,BLR -> DEL,2026-04-19 18:17:41.704,2026-04-19 23:03:41.704,286.0,156.94736842105263,0,0.4048
AI053,AI,Air India,CCU -> DEL,2026-04-19 18:04:41.701,2026-04-19 22:19:41.701,255.0,153.61111111111111,0,0.1846
UK061,UK,Vistara,BLR -> BOM,2026-04-19 17:58:41.701,2026-04-19 19:48:41.701,110.0,147.73333333333332,0,0.1671
SJ004,SJ,SpiceJet,MAA -> DEL,2026-04-19 17:52:41.701,2026-04-19 21:01:41.701,189.0,155.96153846153845,0,0.1122
AI173,AI,Air India,HYD -> DEL,2026-04-19 17:36:41.703,2026-04-19 22:27:41.703,291.0,185.35714285714286,0,0.4928
6F085,6E,IndiGo,HYD -> MAA,2026-04-19 17:32:41.702,2026-04-19 19:32:42.000,120.0,152.80701754385964,0,0.0813
AI252,AI,Air India,HYD -> DEL,2026-04-19 17:30:41.704,2026-04-19 21:54:41.704,264.0,185.35714285714286,0,0.3534
SJ109,SJ,SpiceJet,BOM -> DEL,2026-04-19 17:24:41.702,2026-04-19 20:28:41.702,184.0,153.82051282051282,0,0.0835
UK123,UK,Vistara,BOM -> DEL,2026-04-19 17:24:41.702,2026-04-19 20:18:41.702,174.0,153.82051282051282,0,0.1193
6F125,6E,IndiGo,BOM -> CCU,2026-04-19 17:09:41.702,2026-04-19 21:13:41.702,244.0,169.51111111111112,0,0.0685
UK183,UK,Vistara,BLR -> CCU,2026-04-19 17:07:41.703,2026-04-19 18:30:41.703,83.0,128.52380952380952,0,0.7085
AI110,AI,Air India,BOM -> CCU,2026-04-19 17:07:41.702,2026-04-19 22:00:41.702,293.0,169.51111111111112,0,0.4046
UK105,UK,Vistara,CCU -> HYD,2026-04-19 17:04:41.702,2026-04-19 18:11:41.702,67.0,152.23809523809524,0,0.1475
6F128,6E,IndiGo,HYD -> DEL,2026-04-19 16:56:41.702,2026-04-19 18:03:41.702,67.0,185.35714285714286,0,0.5016
6F224,6E,IndiGo,DEL -> MAA,2026-04-19 16:53:41.704,2026-04-19 18:52:41.704,119.0,178.7826086956522,0,0.0974
SJ130,SJ,SpiceJet,BOM -> DEL,2026-04-19 16:53:41.702,2026-04-19 20:53:41.702,240.0,153.82051282051282,0,0.0927
AI224,AI,Air India,DEL -> HYD,2026-04-19 16:51:41.703,2026-04-19 21:36:41.703,285.0,174.75925925925927,0,0.2643
SJ182,SJ,SpiceJet,CCU -> BOM,2026-04-19 16:48:41.703,2026-04-19 17:36:41.703,48.0,163.96969696969697,0,0.3393
UK164,UK,Vistara,BOM -> HYD,2026-04-19 16:46:41.703,2026-04-19 21:10:41.703,264.0,180.84615384615384,0,0.1883
AI161,AI,Air India,CCU -> BOM,2026-04-19 16:40:41.703,2026-04-19 19:40:41.703,180.0,163.96969696969697,0,0.1476
6F206,6E,IndiGo,DEL -> BOM,2026-04-19 16:39:41.703,2026-04-19 20:59:41.703,260.0,178.10714285714286,0,0.1596
SJ204,SJ,SpiceJet,CCU -> DEL,2026-04-19 16:34:41.703,2026-04-19 18:15:41.703,101.0,153.61111111111111,0,0.0528
AI206,AI,Air India,CCU -> MAA,2026-04-19 16:30:41.703,2026-04-19 20:01:41.703,211.0,171.29166666666666,0,0.0685
6F140,6E,IndiGo,CCU -> HYD,2026-04-19 16:30:41.702,2026-04-19 18:21:41.702,111.0,152.23809523809524,0,0.0374
6F253,6E,IndiGo,MAA -> BLR,2026-04-19 16:26:41.703,2026-04-19 18:24:41.703,118.0,172.8153846153846,0,0.0293
SJ203,SJ,SpiceJet,DEL -> HYD,2026-04-19 16:22:41.703,2026-04-19 18:27:41.703,125.0,174.75925925925927,0,0.0637
SJ161,SJ,SpiceJet,MAA -> BLR,2026-04-19 16:22:41.703,2026-04-19 17:04:41.703,42.0,172.8153846153846,0,0.4832
AI098,AI,Air India,HYD -> MAA,2026-04-19 16:01:41.702,2026-04-19 18:11:41.702,130.0,152.80701754385964,0,0.1218
AI168,AI,Air India,DEL -> CCU,2026-04-19 15:50:41.703,2026-04-19 20:20:41.703,270.0,151.73076923076923,0,0.2915
UK190,UK,Vistara,DEL -> BLR,2026-04-19 15:49:41.703,2026-04-19 18:53:41.703,184.0,170.0344827586207,0,0.1375
AI085,AI,Air India,DEL -> HYD,2026-04-19 15:45:41.702,2026-04-19 20:33:41.702,288.0,174.75925925925927,0,0.3321
AI076,AI,Air India,BLR -> BOM,2026-04-19 15:37:41.702,2026-04-19 16:12:41.702,35.0,147.73333333333332,0,0.4525
UK130,UK,Vistara,MAA -> BLR,2026-04-19 15:36:41.702,2026-04-19 19:43:41.702,247.0,172.8153846153846,0,0.0792
6F038,6E,IndiGo,HYD -> MAA,2026-04-19 15:36:41.701,2026-04-19 19:33:41.701,237.0,152.80701754385964,0,0.1012
UK110,UK,Vistara,HYD -> DEL,2026-04-19 15:26:41.702,2026-04-19 20:13:41.702,287.0,185.35714285714286,0,0.4754
SJ013,SJ,SpiceJet,DEL -> MAA,2026-04-19 15:25:41.701,2026-04-19 19:54:41.701,269.0,178.7826086956522,0,0.1911
AI039,AI,Air India,MAA -> BLR,2026-04-19 15:24:41.701,2026-04-19 18:56:41.701,212.0,172.8153846153846,0,0.072
AI248,AI,Air India,CCU -> DEL,2026-04-19 15:17:41.704,2026-04-19 16:35:41.704,78.0,153.61111111111111,0,0.1003
6F199,6E,IndiGo,DEL -> MAA,2026-04-19 15:15:41.703,2026-04-19 17:32:41.703,137.0,178.7826086956522,0,0.1249
AI225,AI,Air India,BOM -> BLR,2026-04-19 15:05:41.703,2026-04-19 16:01:41.703,56.0,176.52173913043478,0,0.362
SJ028,SJ,SpiceJet,CCU -> BOM,2026-04-19 15:04:41.701,2026-04-19 19:32:41.701,268.0,163.96969696969697,0,0.2335
SJ012,SJ,SpiceJet,HYD -> BLR,2026-04-19 15:01:41.701,2026-04-19 16:12:41.701,71.0,162.76923076923077,0,0.2186
SJ131,SJ,SpiceJet,MAA -> HYD,2026-04-19 15:00:41.702,2026-04-19 16:07:41.702,67.0,160.0,0,0.2047
AI010,AI,Air India,BOM -> HYD,2026-04-19 15:00:41.701,2026-04-19 19:48:41.701,288.0,180.84615384615384,0,0.3679
6F020,6E,IndiGo,BOM -> HYD,2026-04-19 14:58:41.701,2026-04-19 16:43:41.701,105.0,180.84615384615384,0,0.113
SJ038,SJ,SpiceJet,BLR -> DEL,2026-04-19 14:57:41.701,2026-04-19 17:46:41.701,169.0,156.94736842105263,0,0.1329
UK204,UK,Vistara,BLR -> DEL,2026-04-19 14:46:41.703,2026-04-19 16:24:41.703,98.0,156.94736842105263,0,0.0201
AI036,AI,Air India,BOM -> CCU,2026-04-19 14:45:41.701,2026-04-19 16:16:41.701,91.0,169.51111111111112,0,0.0374
AI100,AI,Air India,CCU -> BOM,2026-04-19 14:42:41.702,2026-04-19 18:22:41.702,220.0,163.96969696969697,0,0.0741
SJ215,SJ,SpiceJet,CCU -> DEL,2026-04-19 14:37:41.703,2026-04-19 16:12:41.703,95.0,153.61111111111111,0,0.0505
UK155,UK,Vistara,MAA -> HYD,2026-04-19 14:34:41.703,2026-04-19 18:37:41.703,243.0,160.0,0,0.1246
SJ173,SJ,SpiceJet,CCU -> HYD,2026-04-19 14:27:41.703,2026-04-19 16:09:41.703,102.0,152.23809523809524,0,0.0372
UK179,UK,Vistara,DEL -> HYD,2026-04-19 14:25:41.703,2026-04-19 19:15:41.703,290.0,174.75925925925927,0,0.3431
UK221,UK,Vistara,CCU -> DEL,2026-04-19 14:18:41.704,2026-04-19 18:44:41.704,266.0,153.61111111111111,0,0.198
UK023,UK,Vistara,DEL -> MAA,2026-04-19 14:15:41.701,2026-04-19 19:03:41.701,288.0,178.7826086956522,0,0.333
SJ107,SJ,SpiceJet,BOM -> MAA,2026-04-19 14:10:41.702,2026-04-19 18:38:41.702,268.0,183.40740740740742,0,0.2651
AI073,AI,Air India,BOM -> BLR,2026-04-19 14:08:41.702,2026-04-19 16:10:41.702,122.0,176.52173913043478,0,0.052
SJ187,SJ,SpiceJet,MAA -> BLR,2026-04-19 14:07:41.703,2026-04-19 17:30:41.703,203.0,172.8153846153846,0,0.0787
UK058,UK,Vistara,MAA -> BOM,2026-04-19 13:46:41.701,2026-04-19 17:04:41.701,198.0,176.76190476190476,0,0.1445
SJ063,SJ,SpiceJet,MAA -> BOM,2026-04-19 13:38:41.701,2026-04-19 15:23:41.701,105.0,176.76190476190476,0,0.0752
SJ062,SJ,SpiceJet,BLR -> HYD,2026-04-19 13:37:41.701,2026-04-19 17:06:41.701,209.0,155.68421052631578,0,0.072
UK048,UK,Vistara,MAA -> DEL,2026-04-19 13:36:41.701,2026-04-19 18:21:41.701,285.0,155.96153846153845,0,0.3913
AI181,AI,Air India,MAA -> HYD,2026-04-19 13:29:41.703,2026-04-19 16:55:41.703,206.0,160.0,0,0.0903
AI003,AI,Air India,BLR -> HYD,2026-04-19 13:27:41.701,2026-04-19 16:55:41.701,208.0,155.68421052631578,0,0.0636
6F041,6E,IndiGo,MAA -> BOM,2026-04-19 13:19:41.701,2026-04-19 16:48:41.701,209.0,176.76190476190476,0,0.1327
6F175,6E,IndiGo,MAA -> CCU,2026-04-19 13:18:41.703,2026-04-19 15:13:41.703,115.0,158.54166666666666,0,0.0344
6F013,6E,IndiGo,BOM -> CCU,2026-04-19 13:15:41.701,2026-04-19 18:05:41.701,290.0,169.51111111111112,0,0.3132
SJ040,SJ,SpiceJet,BOM -> CCU,2026-04-19 13:12:41.701,2026-04-19 16:44:41.701,212.0,169.51111111111112,0,0.0653
SJ016,SJ,SpiceJet,HYD -> CCU,2026-04-19 13:01:41.701,2026-04-19 16:26:41.701,205.0,167.15384615384616,0,0.0754
6F135,6E,IndiGo,MAA -> HYD,2026-04-19 12:59:41.702,2026-04-19 13:45:41.702,46.0,160.0,0,0.3011
6F150,6E,IndiGo,HYD -> MAA,2026-04-19 12:55:41.703,2026-04-19 16:53:41.703,238.0,152.80701754385964,0,0.0926
AI083,AI,Air India,DEL -> BOM,2026-04-19 12:54:41.702,2026-04-19 13:37:41.702,43.0,178.10714285714286,0,0.5585
SJ166,SJ,SpiceJet,CCU -> HYD,2026-04-19 12:51:41.703,2026-04-19 16:18:41.703,207.0,152.23809523809524,0,0.0684
SJ027,SJ,SpiceJet,BOM -> MAA,2026-04-19 12:50:41.701,2026-04-19 17:13:41.701,263.0,183.40740740740742,0,0.2752
6F134,6E,IndiGo,BLR -> MAA,2026-04-19 12:47:41.702,2026-04-19 14:06:41.702,79.0,187.3125,0,0.5029
UK225,UK,Vistara,MAA -> BLR,2026-04-19 12:46:41.704,2026-04-19 15:02:41.704,136.0,172.8153846153846,0,0.0938
SJ175,SJ,SpiceJet,MAA -> BLR,2026-04-19 12:46:41.703,2026-04-19 16:50:41.703,244.0,172.8153846153846,0,0.1027
AI182,AI,Air India,HYD -> DEL,2026-04-19 12:41:41.703,2026-04-19 17:14:41.703,273.0,185.35714285714286,0,0.3806
AI190,AI,Air India,BOM -> CCU,2026-04-19 12:38:41.703,2026-04-19 15:56:41.703,198.0,169.51111111111112,0,0.1314
AI120,AI,Air India,MAA -> CCU,2026-04-19 12:12:41.702,2026-04-19 14:18:41.702,126.0,158.54166666666666,0,0.1032
6F132,6E,IndiGo,MAA -> BOM,2026-04-19 12:00:41.702,2026-04-19 13:00:42.000,60.0,176.76190476190476,0,0.3765
UK102,UK,Vistara,HYD -> CCU,2026-04-19 11:58:41.702,2026-04-19 14:01:41.702,123.0,167.15384615384616,0,0.0919
AI045,AI,Air India,HYD -> MAA,2026-04-19 11:58:41.701,2026-04-19 14:37:41.701,159.0,152.80701754385964,0,0.1328
UK136,UK,Vistara,HYD -> CCU,2026-04-19 11:43:41.703,2026-04-19 15:26:41.703,223.0,167.15384615384616,0,0.1247
SJ238,SJ,SpiceJet,MAA -> BLR,2026-04-19 11:41:41.704,2026-04-19 15:39:41.704,238.0,172.8153846153846,0,0.1193
AI193,AI,Air India,MAA -> HYD,2026-04-19 11:33:41.703,2026-04-19 16:07:41.703,274.0,160.0,0,0.3351
6F001,6E,IndiGo,HYD -> BOM,2026-04-19 11:33:41.700,2026-04-19 13:08:41.700,95.0,155.4814814814815,0,0.0375
6F211,6E,IndiGo,MAA -> BLR,2026-04-19 11:29:41.703,2026-04-19 16:20:41.703,291.0,172.8153846153846,0,0.3557
SJ199,SJ,SpiceJet,HYD -> BOM,2026-04-19 11:29:41.703,2026-04-19 13:59:41.703,150.0,155.4814814814815,0,0.1766
SJ050,SJ,SpiceJet,HYD -> CCU,2026-04-19 11:24:41.701,2026-04-19 12:03:41.701,39.0,167.15384615384616,0,0.4489
UK115,UK,Vistara,BLR -> BOM,2026-04-19 11:20:41.702,2026-04-19 13:20:42.000,120.0,147.73333333333332,0,0.273
AI037,AI,Air India,BOM -> BLR,2026-04-19 11:14:41.701,2026-04-19 15:13:41.701,239.0,176.52173913043478,0,0.1938
6F235,6E,IndiGo,HYD -> MAA,2026-04-19 11:06:41.704,2026-04-19 13:51:41.704,165.0,152.80701754385964,0,0.1306
UK111,UK,Vistara,MAA -> BLR,2026-04-19 11:06:41.702,2026-04-19 12:20:41.702,74.0,172.8153846153846,0,0.2495
6F005,6E,IndiGo,BOM -> MAA,2026-04-19 11:04:41.701,2026-04-19 15:27:41.701,263.0,183.40740740740742,0,0.3082
AI198,AI,Air India,CCU -> MAA,2026-04-19 10:56:41.703,2026-04-19 14:19:41.703,203.0,171.29166666666666,0,0.1083
UK184,UK,Vistara,MAA -> HYD,2026-04-19 10:49:41.703,2026-04-19 13:00:41.703,131.0,160.0,0,0.1634
6F219,6E,IndiGo,MAA -> DEL,2026-04-19 10:32:41.704,2026-04-19 14:37:41.704,245.0,155.96153846153845,0,0.1912
UK066,UK,Vistara,BOM -> CCU,2026-04-19 10:29:41.701,2026-04-19 12:07:41.701,98.0,169.51111111111112,0,0.0784
6F220,6E,IndiGo,HYD -> BOM,2026-04-19 10:27:41.704,2026-04-19 11:25:41.704,58.0,155.4814814814815,0,0.1948
AI180,AI,Air India,BOM -> CCU,2026-04-19 10:19:41.703,2026-04-19 11:00:41.703,41.0,169.51111111111112,0,0.4515
6F098,6E,IndiGo,BLR -> MAA,2026-04-19 10:18:41.702,2026-04-19 12:49:41.702,151.0,187.3125,0,0.3902
AI141,AI,Air India,BLR -> DEL,2026-04-19 10:16:41.702,2026-04-19 14:53:41.702,277.0,156.94736842105263,0,0.3034
SJ170,SJ,SpiceJet,BLR -> BOM,2026-04-19 10:11:41.703,2026-04-19 11:56:41.703,105.0,147.73333333333332,0,0.2382
SJ178,SJ,SpiceJet,BOM -> HYD,2026-04-19 09:58:41.703,2026-04-19 12:27:41.703,149.0,180.84615384615384,0,0.2787
6F172,6E,IndiGo,BOM -> BLR,2026-04-19 09:53:41.703,2026-04-19 14:46:41.703,293.0,176.52173913043478,0,0.4279
UK220,UK,Vistara,BLR -> BOM,2026-04-19 09:51:41.704,2026-04-19 13:25:41.704,214.0,147.73333333333332,0,0.2868
SJ148,SJ,SpiceJet,DEL -> BLR,2026-04-19 09:51:41.702,2026-04-19 13:41:41.702,230.0,170.0344827586207,0,0.119
UK065,UK,Vistara,BOM -> CCU,2026-04-19 09:38:41.701,2026-04-19 13:46:41.701,248.0,169.51111111111112,0,0.1424
6F243,6E,IndiGo,BOM -> HYD,2026-04-19 09:37:41.704,2026-04-19 10:33:41.704,56.0,180.84615384615384,0,0.5155
SJ193,SJ,SpiceJet,CCU -> DEL,2026-04-19 09:37:41.703,2026-04-19 12:16:41.703,159.0,153.61111111111111,0,0.1916
UK056,UK,Vistara,HYD -> MAA,2026-04-19 09:29:41.701,2026-04-19 10:15:41.701,46.0,152.80701754385964,0,0.2154
AI219,AI,Air India,BLR -> DEL,2026-04-19 09:28:41.703,2026-04-19 11:27:41.703,119.0,156.94736842105263,0,0.0974
SJ073,SJ,SpiceJet,CCU -> BLR,2026-04-19 09:26:41.701,2026-04-19 11:14:41.701,108.0,167.35,0,0.117
6F052,6E,IndiGo,BOM -> CCU,2026-04-19 09:13:41.701,2026-04-19 12:02:41.701,169.0,169.51111111111112,0,0.3286
SJ201,SJ,SpiceJet,BLR -> DEL,2026-04-19 09:10:41.703,2026-04-19 11:12:41.703,122.0,156.94736842105263,0,0.1169
UK028,UK,Vistara,HYD -> MAA,2026-04-19 09:02:41.701,2026-04-19 10:37:41.701,95.0,152.80701754385964,0,0.0897
SJ119,SJ,SpiceJet,BOM -> CCU,2026-04-19 08:53:41.702,2026-04-19 11:29:41.702,156.0,169.51111111111112,0,0.2178
AI165,AI,Air India,DEL -> CCU,2026-04-19 08:51:41.703,2026-04-19 10:31:41.703,100.0,151.73076923076923,0,0.1534
AI255,AI,Air India,MAA -> CCU,2026-04-19 08:45:41.704,2026-04-19 13:12:41.704,267.0,158.54166666666666,0,0.2427
AI202,AI,Air India,HYD -> BLR,2026-04-19 08:44:41.703,2026-04-19 10:53:41.703,129.0,162.76923076923077,0,0.1704
SJ039,SJ,SpiceJet,MAA -> BOM,2026-04-19 08:41:41.701,2026-04-19 12:08:41.701,207.0,176.76190476190476,0,0.2048
SJ051,SJ,SpiceJet,BOM -> BLR,2026-04-19 08:40:41.701,2026-04-19 12:18:41.701,218.0,176.52173913043478,0,0.2078
UK024,UK,Vistara,MAA -> BLR,2026-04-19 08:29:41.701,2026-04-19 13:29:41.701,300.0,172.8153846153846,0,0.5251
SJ006,SJ,SpiceJet,HYD -> BLR,2026-04-19 08:25:41.701,2026-04-19 08:57:41.701,32.0,162.76923076923077,0,0.5448
AI207,AI,Air India,BOM -> MAA,2026-04-19 08:24:41.703,2026-04-19 11:23:41.703,179.0,183.40740740740742,0,0.4338
SJ168,SJ,SpiceJet,CCU -> BOM,2026-04-19 08:17:41.703,2026-04-19 12:29:41.703,252.0,163.96969696969697,0,0.2078
AI028,AI,Air India,HYD -> BOM,2026-04-19 07:53:41.701,2026-04-19 08:35:41.701,42.0,155.4814814814815,0,0.3163
6F094,6E,IndiGo,BLR -> BOM,2026-04-19 07:37:41.702,2026-04-19 09:06:41.702,89.0,147.73333333333332,0,0.2921
6F024,6E,IndiGo,BOM -> DEL,2026-04-19 07:31:41.701,2026-04-19 11:17:41.701,226.0,153.82051282051282,0,0.1529
6F061,6E,IndiGo,MAA -> BOM,2026-04-19 07:28:41.701,2026-04-19 08:09:41.701,41.0,176.76190476190476,0,0.5781
AI032,AI,Air India,MAA -> BLR,2026-04-19 07:26:41.701,2026-04-19 09:26:42.000,120.0,172.8153846153846,0,0.1542
UK163,UK,Vistara,DEL -> HYD,2026-04-19 07:22:41.703,2026-04-19 09:04:41.703,102.0,174.75925925925927,0,0.1807
SJ067,SJ,SpiceJet,MAA -> BLR,2026-04-19 07:17:41.701,2026-04-19 08:16:41.701,59.0,172.8153846153846,0,0.3601
SJ106,SJ,SpiceJet,CCU -> DEL,2026-04-19 07:16:41.702,2026-04-19 09:40:41.702,144.0,153.61111111111111,0,0.2535
AI086,AI,Air India,CCU -> HYD,2026-04-19 07:13:41.702,2026-04-19 10:09:41.702,176.0,152.23809523809524,0,0.2189
6F263,6E,IndiGo,DEL -> HYD,2026-04-19 07:07:41.703,2026-04-19 08:30:41.703,83.0,174.75925925925927,0,0.2425
6F163,6E,IndiGo,MAA -> BOM,2026-04-19 06:49:41.703,2026-04-19 10:46:41.703,237.0,176.76190476190476,0,0.2527
SJ064,SJ,SpiceJet,CCU -> DEL,2026-04-19 06:29:41.701,2026-04-19 08:43:41.701,134.0,153.61111111111111,0,0.241
UK118,UK,Vistara,HYD -> BLR,2026-04-19 06:22:41.702,2026-04-19 07:22:42.000,60.0,162.76923076923077,0,0.3007
UK022,UK,Vistara,DEL -> HYD,2026-04-19 06:22:41.701,2026-04-19 10:59:41.701,277.0,174.75925925925927,0,0.3223
UK099,UK,Vistara,BOM -> MAA,2026-04-19 06:16:41.702,2026-04-19 10:24:41.702,248.0,183.40740740740742,0,0.3689
6F212,6E,IndiGo,BLR -> CCU,2026-04-19 06:10:41.703,2026-04-19 10:52:41.703,282.0,128.52380952380952,1,1.0
AI023,AI,Air India,HYD -> BLR,2026-04-19 06:10:41.701,2026-04-19 09:35:41.701,205.0,162.76923076923077,0,0.2365
SJ245,SJ,SpiceJet,BOM -> DEL,2026-04-19 06:07:41.704,2026-04-19 09:39:41.704,212.0,153.82051282051282,0,0.2017
6F066,6E,IndiGo,BLR -> HYD,2026-04-19 06:07:41.701,2026-04-19 07:43:41.701,96.0,155.68421052631578,0,0.1322
AI138,AI,Air India,DEL -> CCU,2026-04-19 05:50:41.702,2026-04-19 06:40:41.702,50.0,151.73076923076923,0,0.304
SJ021,SJ,SpiceJet,HYD -> BLR,2026-04-19 05:48:41.701,2026-04-19 09:46:41.701,238.0,162.76923076923077,0,0.2482
SJ136,SJ,SpiceJet,HYD -> BLR,2026-04-19 05:45:41.702,2026-04-19 08:04:41.702,139.0,162.76923076923077,0,0.3024
AI148,AI,Air India,HYD -> MAA,2026-04-19 05:41:41.703,2026-04-19 08:32:41.703,171.0,152.80701754385964,0,0.2157
SJ014,SJ,SpiceJet,BOM -> HYD,2026-04-19 05:40:41.701,2026-04-19 06:39:41.701,59.0,180.84615384615384,0,0.5024
6F104,6E,IndiGo,CCU -> BOM,2026-04-19 05:39:41.702,2026-04-19 06:14:41.702,35.0,163.96969696969697,0,0.564
SJ121,SJ,SpiceJet,CCU -> DEL,2026-04-19 05:32:41.702,2026-04-19 06:47:41.702,75.0,153.61111111111111,0,0.2131
UK174,UK,Vistara,CCU -> DEL,2026-04-19 05:27:41.703,2026-04-19 07:47:41.703,140.0,153.61111111111111,0,0.2412
AI033,AI,Air India,MAA -> CCU,2026-04-19 05:25:41.701,2026-04-19 10:21:41.701,296.0,158.54166666666666,0,0.627
SJ122,SJ,SpiceJet,CCU -> BOM,2026-04-19 05:22:41.702,2026-04-19 10:09:41.702,287.0,163.96969696969697,0,0.4528
UK095,UK,Vistara,BOM -> MAA,2026-04-19 05:22:41.702,2026-04-19 07:36:41.702,134.0,183.40740740740742,0,0.3619
SJ026,SJ,SpiceJet,CCU -> MAA,2026-04-19 05:22:41.701,2026-04-19 09:40:41.701,258.0,171.29166666666666,0,0.2445
6F221,6E,IndiGo,MAA -> DEL,2026-04-19 05:20:41.704,2026-04-19 08:52:41.704,212.0,155.96153846153845,0,0.2168
SJ103,SJ,SpiceJet,MAA -> BLR,2026-04-19 05:16:41.702,2026-04-19 08:56:41.702,220.0,172.8153846153846,0,0.2433
SJ011,SJ,SpiceJet,BOM -> MAA,2026-04-19 05:14:41.701,2026-04-19 09:59:41.701,285.0,183.40740740740742,0,0.4636
AI002,AI,Air India,HYD -> BLR,2026-04-19 05:12:41.700,2026-04-19 07:12:41.700,120.0,162.76923076923077,0,0.2539
AI046,AI,Air India,DEL -> BOM,2026-04-19 05:09:41.701,2026-04-19 08:00:41.701,171.0,178.10714285714286,0,0.3551
SJ053,SJ,SpiceJet,CCU -> DEL,2026-04-19 05:00:41.701,2026-04-19 06:38:41.701,98.0,153.61111111111111,0,0.1505
AI236,AI,Air India,DEL -> BOM,2026-04-19 04:52:41.704,2026-04-19 09:11:41.704,259.0,178.10714285714286,0,0.342
AI254,AI,Air India,CCU -> HYD,2026-04-19 04:46:41.704,2026-04-19 08:06:41.704,200.0,152.23809523809524,0,0.2125
6F063,6E,IndiGo,DEL -> HYD,2026-04-19 04:42:41.701,2026-04-19 07:31:41.701,169.0,174.75925925925927,0,0.3195
6F115,6E,IndiGo,MAA -> BLR,2026-04-19 04:41:41.702,2026-04-19 06:23:41.702,102.0,172.8153846153846,0,0.2023
UK070,UK,Vistara,BOM -> DEL,2026-04-19 04:36:41.701,2026-04-19 06:49:41.701,133.0,153.82051282051282,0,0.2273
SJ147,SJ,SpiceJet,BLR -> CCU,2026-04-19 04:30:41.702,2026-04-19 08:52:41.702,262.0,128.52380952380952,1,0.8893
UK201,UK,Vistara,HYD -> BOM,2026-04-19 04:29:41.703,2026-04-19 06:42:41.703,133.0,155.4814814814815,0,0.2272
SJ234,SJ,SpiceJet,BLR -> CCU,2026-04-19 04:20:41.704,2026-04-19 06:23:41.704,123.0,128.52380952380952,1,0.8854
AI176,AI,Air India,BLR -> DEL,2026-04-19 04:20:41.703,2026-04-19 06:25:41.703,125.0,156.94736842105263,0,0.2469
SJ045,SJ,SpiceJet,DEL -> MAA,2026-04-19 04:16:41.701,2026-04-19 09:03:41.701,287.0,178.7826086956522,0,0.4802
SJ174,SJ,SpiceJet,CCU -> DEL,2026-04-19 04:09:41.703,2026-04-19 05:04:41.703,55.0,153.61111111111111,0,0.2768
AI007,AI,Air India,MAA -> DEL,2026-04-19 04:01:41.701,2026-04-19 06:01:42.000,120.0,155.96153846153845,0,0.1895
AI143,AI,Air India,CCU -> DEL,2026-04-19 03:58:41.702,2026-04-19 04:36:41.702,38.0,153.61111111111111,0,0.3975
SJ241,SJ,SpiceJet,DEL -> HYD,2026-04-19 03:57:41.704,2026-04-19 06:36:41.704,159.0,174.75925925925927,0,0.288
AI020,AI,Air India,BOM -> BLR,2026-04-19 03:53:41.701,2026-04-19 06:21:41.701,148.0,176.52173913043478,0,0.3313
UK031,UK,Vistara,CCU -> DEL,2026-04-19 03:45:41.701,2026-04-19 07:20:41.701,215.0,153.61111111111111,0,0.2559
AI013,AI,Air India,HYD -> BLR,2026-04-19 03:41:41.701,2026-04-19 04:58:41.701,77.0,162.76923076923077,0,0.3074
AI249,AI,Air India,BLR -> HYD,2026-04-19 03:38:41.704,2026-04-19 06:27:41.704,169.0,155.68421052631578,0,0.2537
UK046,UK,Vistara,CCU -> DEL,2026-04-19 03:37:41.701,2026-04-19 06:05:41.701,148.0,153.61111111111111,0,0.3007
UK168,UK,Vistara,BLR -> CCU,2026-04-19 03:20:41.703,2026-04-19 04:09:41.703,49.0,128.52380952380952,1,0.857
AI022,AI,Air India,BOM -> MAA,2026-04-19 03:15:41.701,2026-04-19 05:10:41.701,115.0,183.40740740740742,0,0.3611
UK218,UK,Vistara,MAA -> BLR,2026-04-19 03:12:41.704,2026-04-19 07:22:41.704,250.0,172.8153846153846,0,0.279
UK142,UK,Vistara,BLR -> DEL,2026-04-19 03:03:41.703,2026-04-19 07:13:41.703,250.0,156.94736842105263,0,0.3075
6F067,6E,IndiGo,MAA -> BLR,2026-04-19 02:59:41.701,2026-04-19 06:02:41.701,183.0,172.8153846153846,0,0.38
SJ217,SJ,SpiceJet,BOM -> CCU,2026-04-19 02:57:41.703,2026-04-19 06:04:41.703,187.0,169.51111111111112,0,0.3143
SJ143,SJ,SpiceJet,DEL -> BOM,2026-04-19 02:55:41.702,2026-04-19 03:52:41.702,57.0,178.10714285714286,0,0.525
AI243,AI,Air India,BLR -> BOM,2026-04-19 02:50:41.704,2026-04-19 05:09:41.704,139.0,147.73333333333332,0,0.5608
SJ246,SJ,SpiceJet,BOM -> DEL,2026-04-19 02:47:41.704,2026-04-19 03:47:42.000,60.0,153.82051282051282,0,0.3353
6F170,6E,IndiGo,HYD -> DEL,2026-04-19 02:44:41.703,2026-04-19 04:14:41.703,90.0,185.35714285714286,0,0.5483
UK157,UK,Vistara,CCU -> BOM,2026-04-19 02:41:41.703,2026-04-19 03:41:42.000,60.0,163.96969696969697,0,0.3854
UK172,UK,Vistara,DEL -> BOM,2026-04-19 02:20:41.703,2026-04-19 05:21:41.703,181.0,178.10714285714286,0,0.4699
SJ139,SJ,SpiceJet,DEL -> BLR,2026-04-19 02:20:41.702,2026-04-19 06:02:41.702,222.0,170.0344827586207,0,0.2731
UK085,UK,Vistara,MAA -> DEL,2026-04-19 02:15:41.702,2026-04-19 03:17:41.702,62.0,155.96153846153845,0,0.3172
6F079,6E,IndiGo,MAA -> HYD,2026-04-19 02:14:41.702,2026-04-19 06:18:41.702,244.0,160.0,0,0.3496
SJ032,SJ,SpiceJet,MAA -> BOM,2026-04-19 02:11:41.701,2026-04-19 04:33:41.701,142.0,176.76190476190476,0,0.3352
6F182,6E,IndiGo,BOM -> CCU,2026-04-19 02:10:41.703,2026-04-19 04:18:41.703,128.0,169.51111111111112,0,0.276
AI106,AI,Air India,HYD -> BLR,2026-04-19 02:07:41.702,2026-04-19 03:20:41.702,73.0,162.76923076923077,0,0.3652
AI200,AI,Air India,HYD -> MAA,2026-04-19 02:05:41.703,2026-04-19 05:29:41.703,204.0,152.80701754385964,0,0.2656
6F142,6E,IndiGo,CCU -> MAA,2026-04-19 02:05:41.702,2026-04-19 06:04:41.702,239.0,171.29166666666666,0,0.2787
SJ079,SJ,SpiceJet,HYD -> DEL,2026-04-19 01:58:41.702,2026-04-19 05:02:41.702,184.0,185.35714285714286,0,0.7235
SJ082,SJ,SpiceJet,BOM -> DEL,2026-04-19 01:54:41.702,2026-04-19 02:33:41.702,39.0,153.82051282051282,0,0.475
SJ110,SJ,SpiceJet,CCU -> DEL,2026-04-19 01:47:41.702,2026-04-19 02:20:41.702,33.0,153.61111111111111,0,0.5422
6F262,6E,IndiGo,MAA -> DEL,2026-04-19 01:44:41.702,2026-04-19 02:47:41.702,63.0,155.96153846153845,0,0.3498
UK143,UK,Vistara,BLR -> BOM,2026-04-19 01:34:41.703,2026-04-19 02:48:41.703,74.0,147.73333333333332,0,0.4874
6F269,6E,IndiGo,HYD -> MAA,2026-04-19 01:30:41.702,2026-04-19 02:52:41.702,82.0,152.80701754385964,0,0.311
6F214,6E,IndiGo,BOM -> CCU,2026-04-19 01:21:41.703,2026-04-19 05:20:41.703,239.0,169.51111111111112,0,0.3098
SJ213,SJ,SpiceJet,BOM -> CCU,2026-04-19 01:19:41.703,2026-04-19 04:48:41.703,209.0,169.51111111111112,0,0.3384
SJ072,SJ,SpiceJet,DEL -> HYD,2026-04-19 01:18:41.701,2026-04-19 04:08:41.701,170.0,174.75925925925927,0,0.4083
6F059,6E,IndiGo,BOM -> DEL,2026-04-19 01:12:41.701,2026-04-19 06:02:41.701,290.0,153.82051282051282,0,0.6858
UK202,UK,Vistara,DEL -> HYD,2026-04-19 01:11:41.703,2026-04-19 05:37:41.703,266.0,174.75925925925927,0,0.3812
UK037,UK,Vistara,BLR -> BOM,2026-04-19 01:10:41.701,2026-04-19 05:12:41.701,242.0,147.73333333333332,0,0.5399
UK069,UK,Vistara,CCU -> DEL,2026-04-19 01:10:41.701,2026-04-19 03:23:41.701,133.0,153.61111111111111,0,0.3592
SJ118,SJ,SpiceJet,DEL -> BOM,2026-04-19 01:08:41.702,2026-04-19 02:33:41.702,85.0,178.10714285714286,0,0.3847
6F145,6E,IndiGo,CCU -> DEL,2026-04-19 01:02:41.703,2026-04-19 02:18:41.703,76.0,153.61111111111111,0,0.3037
UK097,UK,Vistara,HYD -> BOM,2026-04-19 00:49:41.702,2026-04-19 05:00:41.702,251.0,155.4814814814815,0,0.4157
6F117,6E,IndiGo,CCU -> DEL,2026-04-19 00:46:41.702,2026-04-19 01:51:41.702,65.0,153.61111111111111,0,0.4297
6F226,6E,IndiGo,DEL -> BOM,2026-04-19 00:38:41.704,2026-04-19 02:55:41.704,137.0,178.10714285714286,0,0.4854
6F050,6E,IndiGo,DEL -> BOM,2026-04-19 00:35:41.701,2026-04-19 04:32:41.701,237.0,178.10714285714286,0,0.4943
UK196,UK,Vistara,BOM -> HYD,2026-04-19 00:32:41.703,2026-04-19 04:49:41.703,257.0,180.84615384615384,0,0.5234
SJ086,SJ,SpiceJet,CCU -> DEL,2026-04-19 00:32:41.702,2026-04-19 04:17:41.702,225.0,153.61111111111111,0,0.4014
AI134,AI,Air India,HYD -> BOM,2026-04-19 00:28:41.702,2026-04-19 04:23:41.702,235.0,155.4814814814815,0,0.3975
AI043,AI,Air India,CCU -> DEL,2026-04-19 00:28:41.701,2026-04-19 04:37:41.701,249.0,153.61111111111111,0,0.411
UK119,UK,Vistara,BOM -> CCU,2026-04-19 00:21:41.702,2026-04-19 04:38:41.702,257.0,169.51111111111112,0,0.4342
SJ181,SJ,SpiceJet,BOM -> BLR,2026-04-19 00:20:41.703,2026-04-19 01:49:41.703,89.0,176.52173913043478,0,0.4164
AI070,AI,Air India,CCU -> DEL,2026-04-19 00:05:41.702,2026-04-19 01:44:41.702,99.0,153.61111111111111,0,0.4092
6F233,6E,IndiGo,BLR -> BOM,2026-04-18 23:56:41.704,2026-04-19 03:53:41.704,237.0,147.73333333333332,0,0.5062
UK013,UK,Vistara,BOM -> MAA,2026-04-18 23:52:41.701,2026-04-19 02:52:41.701,180.0,183.40740740740742,0,0.5199
6F015,6E,IndiGo,BOM -> CCU,2026-04-18 23:39:41.701,2026-04-19 02:27:41.701,168.0,169.51111111111112,0,0.42
SJ247,SJ,SpiceJet,DEL -> BOM,2026-04-18 23:38:41.704,2026-04-19 03:43:41.704,245.0,178.10714285714286,0,0.3484
AI067,AI,Air India,HYD -> DEL,2026-04-18 23:36:41.701,2026-04-19 03:09:41.701,213.0,185.35714285714286,0,0.5477
AI211,AI,Air India,DEL -> CCU,2026-04-18 23:34:41.703,2026-04-19 01:21:41.703,107.0,151.73076923076923,0,0.301
UK029,UK,Vistara,DEL -> BOM,2026-04-18 23:26:41.701,2026-04-19 02:15:41.701,169.0,178.10714285714286,0,0.3889
SJ200,SJ,SpiceJet,BOM -> DEL,2026-04-18 23:24:41.703,2026-04-19 02:11:41.703,167.0,153.82051282051282,0,0.3601
6F087,6E,IndiGo,DEL -> HYD,2026-04-18 23:24:41.702,2026-04-19 03:10:41.702,226.0,174.75925925925927,0,0.2782
SJ210,SJ,SpiceJet,HYD -> CCU,2026-04-18 23:21:41.703,2026-04-19 02:54:41.703,213.0,167.15384615384616,0,0.2618
AI101,AI,Air India,DEL -> BLR,2026-04-18 23:20:41.702,2026-04-19 02:23:41.702,183.0,170.0344827586207,0,0.3123
UK075,UK,Vistara,MAA -> CCU,2026-04-18 23:15:41.702,2026-04-19 03:54:41.702,279.0,158.54166666666666,0,0.4971
SJ091,SJ,SpiceJet,BLR -> CCU,2026-04-18 23:10:41.702,2026-04-19 00:47:41.702,97.0,128.52380952380952,1,0.8443
AI251,AI,Air India,MAA -> DEL,2026-04-18 22:40:41.704,2026-04-18 23:24:41.704,44.0,155.96153846153845,0,0.3952
SJ042,SJ,SpiceJet,HYD -> CCU,2026-04-18 22:38:41.701,2026-04-19 02:20:41.701,222.0,167.15384615384616,0,0.1687
UK126,UK,Vistara,CCU -> DEL,2026-04-18 22:37:41.702,2026-04-19 00:03:41.702,86.0,153.61111111111111,0,0.1776
6F042,6E,IndiGo,HYD -> DEL,2026-04-18 22:35:41.701,2026-04-19 02:41:41.701,246.0,185.35714285714286,0,0.4256
AI116,AI,Air India,CCU -> BOM,2026-04-18 22:30:41.702,2026-04-19 01:57:41.702,207.0,163.96969696969697,0,0.1664
SJ209,SJ,SpiceJet,BLR -> BOM,2026-04-18 22:22:41.703,2026-04-19 02:03:41.703,221.0,147.73333333333332,0,0.3723
AI123,AI,Air India,MAA -> BOM,2026-04-18 22:19:41.702,2026-04-19 00:45:41.702,146.0,176.76190476190476,0,0.2684
6F016,6E,IndiGo,HYD -> BOM,2026-04-18 22:18:41.701,2026-04-18 22:54:41.701,36.0,155.4814814814815,0,0.464
UK012,UK,Vistara,MAA -> BOM,2026-04-18 22:16:41.701,2026-04-19 00:25:41.701,129.0,176.76190476190476,0,0.212
SJ188,SJ,SpiceJet,BLR -> BOM,2026-04-18 22:15:41.703,2026-04-18 22:55:41.703,40.0,147.73333333333332,0,0.5011
UK096,UK,Vistara,BLR -> HYD,2026-04-18 22:11:41.702,2026-04-19 00:06:41.702,115.0,155.68421052631578,0,0.1652
SJ046,SJ,SpiceJet,BOM -> MAA,2026-04-18 22:01:41.701,2026-04-19 01:25:41.701,204.0,183.40740740740742,0,0.3768
UK081,UK,Vistara,BLR -> DEL,2026-04-18 22:00:41.702,2026-04-18 23:00:41.702,60.0,156.94736842105263,0,0.3154
UK191,UK,Vistara,MAA -> BLR,2026-04-18 21:51:41.703,2026-04-18 22:57:41.703,66.0,172.8153846153846,0,0.378
6F064,6E,IndiGo,CCU -> DEL,2026-04-18 21:45:41.701,2026-04-18 22:50:41.701,65.0,153.61111111111111,0,0.204
AI005,AI,Air India,DEL -> CCU,2026-04-18 21:24:41.701,2026-04-18 22:11:41.701,47.0,151.73076923076923,0,0.3194
6F021,6E,IndiGo,BLR -> MAA,2026-04-18 21:23:41.701,2026-04-19 01:25:41.701,242.0,187.3125,0,0.4518
AI169,AI,Air India,CCU -> DEL,2026-04-18 21:21:41.703,2026-04-19 01:34:41.703,253.0,153.61111111111111,0,0.2714
UK035,UK,Vistara,HYD -> BOM,2026-04-18 21:08:41.701,2026-04-18 22:24:41.701,76.0,155.4814814814815,0,0.2038
AI040,AI,Air India,HYD -> BLR,2026-04-18 21:01:41.701,2026-04-18 22:42:41.701,101.0,162.76923076923077,0,0.2099
UK042,UK,Vistara,MAA -> BOM,2026-04-18 20:59:41.701,2026-04-19 01:38:41.701,279.0,176.76190476190476,0,0.3335
SJ171,SJ,SpiceJet,DEL -> HYD,2026-04-18 20:52:41.703,2026-04-18 23:52:41.703,180.0,174.75925925925927,0,0.2445
AI250,AI,Air India,BOM -> CCU,2026-04-18 20:48:41.704,2026-04-19 00:12:41.704,204.0,169.51111111111112,0,0.1008
SJ195,SJ,SpiceJet,BOM -> CCU,2026-04-18 20:41:41.703,2026-04-18 23:54:41.703,193.0,169.51111111111112,0,0.1543
UK211,UK,Vistara,MAA -> CCU,2026-04-18 20:39:41.704,2026-04-18 22:02:41.704,83.0,158.54166666666666,0,0.0997
UK122,UK,Vistara,HYD -> CCU,2026-04-18 20:29:42.000,2026-04-18 23:29:42.000,180.0,167.15384615384616,0,0.2288
AI136,AI,Air India,BLR -> DEL,2026-04-18 20:29:41.702,2026-04-18 23:48:41.702,199.0,156.94736842105263,0,0.1419
6F141,6E,IndiGo,BOM -> CCU,2026-04-18 20:26:41.702,2026-04-18 22:28:41.702,122.0,169.51111111111112,0,0.0809
6F053,6E,IndiGo,DEL -> HYD,2026-04-18 20:26:41.701,2026-04-19 00:39:41.701,253.0,174.75925925925927,0,0.1904
6F136,6E,IndiGo,CCU -> DEL,2026-04-18 20:24:41.702,2026-04-18 21:01:41.702,37.0,153.61111111111111,0,0.3639
6F009,6E,IndiGo,BLR -> CCU,2026-04-18 20:21:41.701,2026-04-18 23:36:41.701,195.0,128.52380952380952,0,0.6887
6F023,6E,IndiGo,MAA -> BLR,2026-04-18 20:18:41.701,2026-04-19 00:14:41.701,236.0,172.8153846153846,0,0.1094
UK006,UK,Vistara,MAA -> CCU,2026-04-18 20:16:41.701,2026-04-18 21:55:41.701,99.0,158.54166666666666,0,0.0994
SJ165,SJ,SpiceJet,CCU -> BOM,2026-04-18 20:08:41.703,2026-04-18 23:18:41.703,190.0,163.96969696969697,0,0.1648
6F189,6E,IndiGo,MAA -> BLR,2026-04-18 20:08:41.703,2026-04-18 21:51:41.703,103.0,172.8153846153846,0,0.0855
AI131,AI,Air India,MAA -> BOM,2026-04-18 19:55:41.702,2026-04-18 22:35:41.702,160.0,176.76190476190476,0,0.1866
6F004,6E,IndiGo,BOM -> CCU,2026-04-18 19:53:41.701,2026-04-18 23:33:41.701,220.0,169.51111111111112,0,0.1022
AI027,AI,Air India,BOM -> MAA,2026-04-18 19:41:41.701,2026-04-18 23:23:41.701,222.0,183.40740740740742,0,0.2771
AI238,AI,Air India,CCU -> MAA,2026-04-18 19:25:41.704,2026-04-19 00:07:41.704,282.0,171.29166666666666,0,0.2821
SJ105,SJ,SpiceJet,BOM -> HYD,2026-04-18 19:22:41.702,2026-04-18 22:48:41.702,206.0,180.84615384615384,0,0.2488
UK088,UK,Vistara,MAA -> BLR,2026-04-18 19:16:41.702,2026-04-18 23:36:41.702,260.0,172.8153846153846,0,0.1922
6F035,6E,IndiGo,CCU -> HYD,2026-04-18 19:16:41.701,2026-04-18 23:40:41.701,264.0,152.23809523809524,0,0.2709
AI133,AI,Air India,DEL -> CCU,2026-04-18 19:12:41.702,2026-04-18 21:32:41.702,140.0,151.73076923076923,0,0.2624
AI001,AI,Air India,DEL -> HYD,2026-04-18 19:00:41.700,2026-04-18 22:03:41.700,183.0,174.75925925925927,0,0.2014
SJ133,SJ,SpiceJet,BOM -> CCU,2026-04-18 18:50:41.702,2026-04-18 21:29:41.702,159.0,169.51111111111112,0,0.1874
SJ216,SJ,SpiceJet,BOM -> CCU,2026-04-18 18:35:41.703,2026-04-18 21:31:41.703,176.0,169.51111111111112,0,0.1837
SJ225,SJ,SpiceJet,DEL -> HYD,2026-04-18 18:16:41.704,2026-04-18 20:53:41.704,157.0,174.75925925925927,0,0.1971
AI147,AI,Air India,HYD -> CCU,2026-04-18 18:14:41.703,2026-04-18 20:10:41.703,116.0,167.15384615384616,0,0.0998
SJ054,SJ,SpiceJet,MAA -> BLR,2026-04-18 18:13:41.701,2026-04-18 22:46:41.701,273.0,172.8153846153846,0,0.2136
6F197,6E,IndiGo,BOM -> BLR,2026-04-18 17:59:41.703,2026-04-18 22:44:41.703,285.0,176.52173913043478,0,0.2737
SJ066,SJ,SpiceJet,HYD -> CCU,2026-04-18 17:47:41.701,2026-04-18 19:03:41.701,76.0,167.15384615384616,0,0.2183
SJ183,SJ,SpiceJet,CCU -> DEL,2026-04-18 17:44:41.703,2026-04-18 19:40:41.703,116.0,153.61111111111111,0,0.0396
SJ151,SJ,SpiceJet,BOM -> CCU,2026-04-18 17:44:41.702,2026-04-18 19:16:41.702,92.0,169.51111111111112,0,0.0227
SJ071,SJ,SpiceJet,CCU -> MAA,2026-04-18 17:43:41.701,2026-04-18 19:32:41.701,109.0,171.29166666666666,0,0.0211
SJ102,SJ,SpiceJet,MAA -> CCU,2026-04-18 17:26:41.702,2026-04-18 18:58:41.702,92.0,158.54166666666666,0,0.0639
AI209,AI,Air India,BLR -> CCU,2026-04-18 17:25:41.703,2026-04-18 18:37:41.703,72.0,128.52380952380952,0,0.7107
6F111,6E,IndiGo,HYD -> DEL,2026-04-18 17:09:41.702,2026-04-18 20:02:41.702,173.0,185.35714285714286,0,0.3961
AI050,AI,Air India,BLR -> BOM,2026-04-18 17:07:41.701,2026-04-18 19:42:41.701,155.0,147.73333333333332,0,0.3068
SJ189,SJ,SpiceJet,HYD -> BLR,2026-04-18 17:05:41.703,2026-04-18 22:01:41.703,296.0,162.76923076923077,0,0.6325
UK112,UK,Vistara,CCU -> DEL,2026-04-18 17:05:41.702,2026-04-18 19:47:41.702,162.0,153.61111111111111,0,0.1336
6F171,6E,IndiGo,DEL -> BLR,2026-04-18 17:03:41.703,2026-04-18 18:12:41.703,69.0,170.0344827586207,0,0.2137
AI011,AI,Air India,CCU -> BOM,2026-04-18 16:58:41.701,2026-04-18 21:01:41.701,243.0,163.96969696969697,0,0.1288
6F027,6E,IndiGo,BLR -> DEL,2026-04-18 16:52:41.701,2026-04-18 18:21:41.701,89.0,156.94736842105263,0,0.0553
UK082,UK,Vistara,DEL -> BOM,2026-04-18 16:50:41.702,2026-04-18 21:21:41.702,271.0,178.10714285714286,0,0.1907
UK138,UK,Vistara,DEL -> BLR,2026-04-18 16:47:41.703,2026-04-18 19:36:41.703,169.0,170.0344827586207,0,0.2677
UK198,UK,Vistara,DEL -> BLR,2026-04-18 16:43:41.703,2026-04-18 18:18:41.703,95.0,170.0344827586207,0,0.0297
6F039,6E,IndiGo,MAA -> CCU,2026-04-18 16:43:41.701,2026-04-18 21:01:41.701,258.0,158.54166666666666,0,0.1971
6F157,6E,IndiGo,MAA -> CCU,2026-04-18 16:37:41.703,2026-04-18 18:04:41.703,87.0,158.54166666666666,0,0.054
SJ024,SJ,SpiceJet,DEL -> MAA,2026-04-18 16:29:41.701,2026-04-18 20:21:41.701,232.0,178.7826086956522,0,0.1507
6F167,6E,IndiGo,BLR -> BOM,2026-04-18 16:26:41.703,2026-04-18 17:50:41.703,84.0,147.73333333333332,0,0.2051
AI197,AI,Air India,BOM -> CCU,2026-04-18 16:25:41.703,2026-04-18 20:00:41.703,215.0,169.51111111111112,0,0.1057
SJ211,SJ,SpiceJet,MAA -> BOM,2026-04-18 16:22:41.703,2026-04-18 18:34:41.703,132.0,176.76190476190476,0,0.109
6F055,6E,IndiGo,DEL -> CCU,2026-04-18 16:21:41.701,2026-04-18 18:49:41.701,148.0,151.73076923076923,0,0.263
AI253,AI,Air India,BLR -> BOM,2026-04-18 16:13:41.704,2026-04-18 19:51:41.704,218.0,147.73333333333332,0,0.2616
UK060,UK,Vistara,BLR -> CCU,2026-04-18 16:09:41.701,2026-04-18 19:42:41.701,213.0,128.52380952380952,0,0.6609
6F257,6E,IndiGo,MAA -> CCU,2026-04-18 16:04:41.704,2026-04-18 19:55:41.704,231.0,158.54166666666666,0,0.1221
SJ135,SJ,SpiceJet,MAA -> CCU,2026-04-18 16:03:41.702,2026-04-18 19:48:41.702,225.0,158.54166666666666,0,0.1037
AI247,AI,Air India,BOM -> CCU,2026-04-18 15:58:41.704,2026-04-18 19:02:41.704,184.0,169.51111111111112,0,0.1216
UK127,UK,Vistara,BOM -> HYD,2026-04-18 15:56:41.702,2026-04-18 20:00:41.702,244.0,180.84615384615384,0,0.1857
AI109,AI,Air India,BLR -> BOM,2026-04-18 15:53:41.702,2026-04-18 20:14:41.702,261.0,147.73333333333332,0,0.3802
AI057,AI,Air India,BOM -> CCU,2026-04-18 15:53:41.701,2026-04-18 19:22:41.701,209.0,169.51111111111112,0,0.0459
6F103,6E,IndiGo,CCU -> MAA,2026-04-18 15:37:41.702,2026-04-18 18:32:41.702,175.0,171.29166666666666,0,0.1788
SJ144,SJ,SpiceJet,BLR -> BOM,2026-04-18 15:35:41.702,2026-04-18 19:12:41.702,217.0,147.73333333333332,0,0.2644
6F076,6E,IndiGo,CCU -> HYD,2026-04-18 15:35:41.702,2026-04-18 16:20:41.702,45.0,152.23809523809524,0,0.2495
6F240,6E,IndiGo,DEL -> HYD,2026-04-18 15:31:41.704,2026-04-18 19:56:41.704,265.0,174.75925925925927,0,0.1469
UK057,UK,Vistara,CCU -> DEL,2026-04-18 15:25:41.701,2026-04-18 20:04:41.701,279.0,153.61111111111111,0,0.3165
AI201,AI,Air India,BLR -> CCU,2026-04-18 15:19:41.703,2026-04-18 16:40:41.703,81.0,128.52380952380952,0,0.7059
SJ242,SJ,SpiceJet,BLR -> HYD,2026-04-18 14:55:41.704,2026-04-18 17:42:41.704,167.0,155.68421052631578,0,0.1069
6F037,6E,IndiGo,BOM -> MAA,2026-04-18 14:51:41.701,2026-04-18 17:23:41.701,152.0,183.40740740740742,0,0.2292
SJ132,SJ,SpiceJet,MAA -> DEL,2026-04-18 14:44:41.702,2026-04-18 15:36:41.702,52.0,155.96153846153845,0,0.2621
AI055,AI,Air India,CCU -> BOM,2026-04-18 14:39:41.701,2026-04-18 16:18:41.701,99.0,163.96969696969697,0,0.0628
6F252,6E,IndiGo,MAA -> BLR,2026-04-18 14:25:41.701,2026-04-18 18:52:41.701,267.0,172.8153846153846,0,0.1498
AI183,AI,Air India,DEL -> CCU,2026-04-18 14:24:41.703,2026-04-18 16:06:41.703,102.0,151.73076923076923,0,0.059
SJ125,SJ,SpiceJet,DEL -> BLR,2026-04-18 14:21:41.702,2026-04-18 16:55:41.702,154.0,170.0344827586207,0,0.077
SJ087,SJ,SpiceJet,BOM -> DEL,2026-04-18 14:20:41.702,2026-04-18 19:09:41.702,289.0,153.82051282051282,0,0.5005
UK182,UK,Vistara,HYD -> CCU,2026-04-18 14:19:41.703,2026-04-18 18:25:41.703,246.0,167.15384615384616,0,0.0941
AI016,AI,Air India,BOM -> CCU,2026-04-18 14:15:41.701,2026-04-18 18:38:41.701,263.0,169.51111111111112,0,0.1381
6F107,6E,IndiGo,CCU -> BLR,2026-04-18 14:14:41.702,2026-04-18 17:14:42.000,180.0,167.35,0,0.1571
AI026,AI,Air India,DEL -> BOM,2026-04-18 14:14:41.701,2026-04-18 15:13:41.701,59.0,178.10714285714286,0,0.356
AI177,AI,Air India,CCU -> HYD,2026-04-18 14:11:41.703,2026-04-18 16:26:41.703,135.0,152.23809523809524,0,0.1296
AI041,AI,Air India,BOM -> BLR,2026-04-18 14:08:41.701,2026-04-18 15:59:41.701,111.0,176.52173913043478,0,0.0424
6F264,6E,IndiGo,DEL -> HYD,2026-04-18 14:03:41.701,2026-04-18 18:23:41.701,260.0,174.75925925925927,0,0.1409
6F222,6E,IndiGo,HYD -> MAA,2026-04-18 14:01:41.704,2026-04-18 16:11:41.704,130.0,152.80701754385964,0,0.109
AI004,AI,Air India,HYD -> MAA,2026-04-18 13:58:41.701,2026-04-18 18:12:41.701,254.0,152.80701754385964,0,0.1576
SJ126,SJ,SpiceJet,DEL -> BLR,2026-04-18 13:47:41.702,2026-04-18 16:31:41.702,164.0,170.0344827586207,0,0.124
SJ220,SJ,SpiceJet,BOM -> CCU,2026-04-18 13:45:41.703,2026-04-18 15:21:41.703,96.0,169.51111111111112,0,0.0197
AI204,AI,Air India,CCU -> MAA,2026-04-18 13:40:41.703,2026-04-18 18:38:41.703,298.0,171.29166666666666,0,0.4809
UK098,UK,Vistara,CCU -> DEL,2026-04-18 13:38:41.702,2026-04-18 17:54:41.702,256.0,153.61111111111111,0,0.1668
AI090,AI,Air India,MAA -> CCU,2026-04-18 13:37:41.702,2026-04-18 16:11:41.702,154.0,158.54166666666666,0,0.1733
AI092,AI,Air India,CCU -> BOM,2026-04-18 13:36:41.702,2026-04-18 16:20:41.702,164.0,163.96969696969697,0,0.2703
AI049,AI,Air India,CCU -> MAA,2026-04-18 13:35:41.701,2026-04-18 15:48:41.701,133.0,171.29166666666666,0,0.037
UK117,UK,Vistara,BLR -> BOM,2026-04-18 13:17:41.702,2026-04-18 16:54:41.702,217.0,147.73333333333332,0,0.2569
6F227,6E,IndiGo,MAA -> BOM,2026-04-18 13:16:41.704,2026-04-18 17:41:41.704,265.0,176.76190476190476,0,0.1805
AI228,AI,Air India,BLR -> BOM,2026-04-18 13:16:41.703,2026-04-18 17:44:41.703,268.0,147.73333333333332,0,0.423
SJ164,SJ,SpiceJet,CCU -> MAA,2026-04-18 13:14:41.703,2026-04-18 15:14:42.000,120.0,171.29166666666666,0,0.0123
AI018,AI,Air India,BOM -> CCU,2026-04-18 13:12:41.701,2026-04-18 18:04:41.701,292.0,169.51111111111112,0,0.3236
UK192,UK,Vistara,HYD -> DEL,2026-04-18 12:54:41.703,2026-04-18 13:54:42.000,60.0,185.35714285714286,0,0.5822
SJ224,SJ,SpiceJet,DEL -> MAA,2026-04-18 12:41:41.703,2026-04-18 15:33:41.703,172.0,178.7826086956522,0,0.2495
UK050,UK,Vistara,BOM -> DEL,2026-04-18 12:39:41.701,2026-04-18 13:18:41.701,39.0,153.82051282051282,0,0.3199
SJ159,SJ,SpiceJet,CCU -> DEL,2026-04-18 12:22:41.703,2026-04-18 14:05:41.703,103.0,153.61111111111111,0,0.0158
UK038,UK,Vistara,MAA -> CCU,2026-04-18 12:22:41.701,2026-04-18 15:31:41.701,189.0,158.54166666666666,0,0.1476
6F192,6E,IndiGo,CCU -> BLR,2026-04-18 12:20:41.703,2026-04-18 16:45:41.703,265.0,167.35,0,0.2144
6F173,6E,IndiGo,BOM -> CCU,2026-04-18 12:19:41.703,2026-04-18 13:08:41.703,49.0,169.51111111111112,0,0.3203
AI185,AI,Air India,CCU -> BOM,2026-04-18 12:16:41.703,2026-04-18 16:18:41.703,242.0,163.96969696969697,0,0.1335
SJ152,SJ,SpiceJet,BOM -> DEL,2026-04-18 12:09:41.702,2026-04-18 13:50:41.702,101.0,153.82051282051282,0,0.0193
AI215,AI,Air India,BLR -> DEL,2026-04-18 12:07:41.703,2026-04-18 13:43:41.703,96.0,156.94736842105263,0,0.0238
AI074,AI,Air India,CCU -> BOM,2026-04-18 12:03:41.702,2026-04-18 12:50:41.702,47.0,163.96969696969697,0,0.3281
6F109,6E,IndiGo,BLR -> BOM,2026-04-18 12:00:41.702,2026-04-18 12:51:41.702,51.0,147.73333333333332,0,0.308
6F144,6E,IndiGo,HYD -> BOM,2026-04-18 11:56:41.702,2026-04-18 15:11:41.702,195.0,155.4814814814815,0,0.1009
6F210,6E,IndiGo,HYD -> DEL,2026-04-18 11:51:41.703,2026-04-18 15:58:41.703,247.0,185.35714285714286,0,0.3678
SJ111,SJ,SpiceJet,DEL -> MAA,2026-04-18 11:47:41.702,2026-04-18 12:59:41.702,72.0,178.7826086956522,0,0.3365
UK092,UK,Vistara,MAA -> BLR,2026-04-18 11:42:41.702,2026-04-18 13:17:41.702,95.0,172.8153846153846,0,0.0932
UK009,UK,Vistara,BOM -> DEL,2026-04-18 11:34:41.701,2026-04-18 13:41:41.701,127.0,153.82051282051282,0,0.0891
AI170,AI,Air India,HYD -> DEL,2026-04-18 11:27:41.703,2026-04-18 15:50:41.703,263.0,185.35714285714286,0,0.3813
6F154,6E,IndiGo,CCU -> DEL,2026-04-18 11:26:41.703,2026-04-18 12:23:41.703,57.0,153.61111111111111,0,0.1405
6F161,6E,IndiGo,MAA -> DEL,2026-04-18 11:24:41.703,2026-04-18 12:21:41.703,57.0,155.96153846153845,0,0.2213
UK128,UK,Vistara,BOM -> CCU,2026-04-18 11:22:41.702,2026-04-18 14:11:41.702,169.0,169.51111111111112,0,0.2838
AI186,AI,Air India,DEL -> BOM,2026-04-18 11:11:41.703,2026-04-18 13:05:41.703,114.0,178.10714285714286,0,0.1186
AI099,AI,Air India,BLR -> BOM,2026-04-18 11:07:41.702,2026-04-18 13:29:41.702,142.0,147.73333333333332,0,0.3562
6F203,6E,IndiGo,BLR -> HYD,2026-04-18 11:05:41.703,2026-04-18 12:56:41.703,111.0,155.68421052631578,0,0.0213
UK139,UK,Vistara,BLR -> MAA,2026-04-18 10:54:41.703,2026-04-18 14:31:41.703,217.0,187.3125,0,0.4633
SJ008,SJ,SpiceJet,HYD -> BLR,2026-04-18 10:53:41.701,2026-04-18 15:48:41.701,295.0,162.76923076923077,0,0.594
AI171,AI,Air India,MAA -> BLR,2026-04-18 10:51:41.703,2026-04-18 13:34:41.703,163.0,172.8153846153846,0,0.19
6F124,6E,IndiGo,BLR -> BOM,2026-04-18 10:47:41.702,2026-04-18 15:21:41.702,274.0,147.73333333333332,0,0.4771
6F137,6E,IndiGo,CCU -> DEL,2026-04-18 10:45:41.702,2026-04-18 15:01:41.702,256.0,153.61111111111111,0,0.2073
AI008,AI,Air India,BOM -> CCU,2026-04-18 10:43:41.701,2026-04-18 12:43:42.000,120.0,169.51111111111112,0,0.0485
SJ140,SJ,SpiceJet,HYD -> DEL,2026-04-18 10:42:41.702,2026-04-18 14:30:41.702,228.0,185.35714285714286,0,0.386
UK016,UK,Vistara,DEL -> CCU,2026-04-18 10:42:41.701,2026-04-18 11:22:41.701,40.0,151.73076923076923,0,0.3195
AI127,AI,Air India,DEL -> HYD,2026-04-18 10:37:41.702,2026-04-18 13:45:41.702,188.0,174.75925925925927,0,0.1833
SJ096,SJ,SpiceJet,DEL -> HYD,2026-04-18 10:29:41.702,2026-04-18 13:45:41.702,196.0,174.75925925925927,0,0.151
6F048,6E,IndiGo,HYD -> DEL,2026-04-18 10:27:41.701,2026-04-18 11:18:41.701,51.0,185.35714285714286,0,0.6601
SJ090,SJ,SpiceJet,HYD -> MAA,2026-04-18 10:24:41.702,2026-04-18 13:11:41.702,167.0,152.80701754385964,0,0.1299
AI014,AI,Air India,HYD -> MAA,2026-04-18 10:24:41.701,2026-04-18 13:51:41.701,207.0,152.80701754385964,0,0.0833
6F131,6E,IndiGo,BLR -> HYD,2026-04-18 10:22:41.702,2026-04-18 14:20:41.702,238.0,155.68421052631578,0,0.1372
AI130,AI,Air India,BOM -> BLR,2026-04-18 10:18:41.702,2026-04-18 12:59:41.702,161.0,176.52173913043478,0,0.2019
UK151,UK,Vistara,BOM -> CCU,2026-04-18 10:11:41.703,2026-04-18 13:30:41.703,199.0,169.51111111111112,0,0.117
6F165,6E,IndiGo,BLR -> BOM,2026-04-18 10:11:41.703,2026-04-18 11:09:41.703,58.0,147.73333333333332,0,0.3246
UK161,UK,Vistara,BLR -> BOM,2026-04-18 10:05:41.703,2026-04-18 12:48:41.703,163.0,147.73333333333332,0,0.2779
AI107,AI,Air India,HYD -> CCU,2026-04-18 10:03:41.702,2026-04-18 10:49:41.702,46.0,167.15384615384616,0,0.3737
SJ104,SJ,SpiceJet,HYD -> DEL,2026-04-18 10:00:41.702,2026-04-18 11:00:42.000,60.0,185.35714285714286,0,0.5951
AI042,AI,Air India,CCU -> DEL,2026-04-18 09:53:41.701,2026-04-18 10:57:41.701,64.0,153.61111111111111,0,0.1656
6F266,6E,IndiGo,CCU -> MAA,2026-04-18 09:49:41.703,2026-04-18 11:17:41.703,88.0,171.29166666666666,0,0.1252
6F138,6E,IndiGo,HYD -> BLR,2026-04-18 09:49:41.702,2026-04-18 12:53:41.702,184.0,162.76923076923077,0,0.2282
SJ219,SJ,SpiceJet,BOM -> DEL,2026-04-18 09:32:41.703,2026-04-18 14:09:41.703,277.0,153.82051282051282,0,0.2937
UK197,UK,Vistara,BLR -> HYD,2026-04-18 09:22:41.703,2026-04-18 10:54:41.703,92.0,155.68421052631578,0,0.0699
6F119,6E,IndiGo,DEL -> BOM,2026-04-18 09:19:41.702,2026-04-18 11:33:41.702,134.0,178.10714285714286,0,0.2154
SJ058,SJ,SpiceJet,DEL -> HYD,2026-04-18 08:58:41.701,2026-04-18 13:14:41.701,256.0,174.75925925925927,0,0.1991
AI218,AI,Air India,BOM -> CCU,2026-04-18 08:55:41.703,2026-04-18 11:55:41.703,180.0,169.51111111111112,0,0.207
SJ060,SJ,SpiceJet,HYD -> CCU,2026-04-18 08:51:41.701,2026-04-18 13:46:41.701,295.0,167.15384615384616,0,0.4924
UK121,UK,Vistara,BLR -> BOM,2026-04-18 08:36:41.702,2026-04-18 12:36:41.702,240.0,147.73333333333332,0,0.3287
6F208,6E,IndiGo,CCU -> BOM,2026-04-18 08:27:41.703,2026-04-18 11:34:41.703,187.0,163.96969696969697,0,0.2099
6F153,6E,IndiGo,CCU -> BLR,2026-04-18 08:23:41.703,2026-04-18 12:20:41.703,237.0,167.35,0,0.163
AI117,AI,Air India,HYD -> BLR,2026-04-18 08:18:41.702,2026-04-18 10:09:41.702,111.0,162.76923076923077,0,0.167
SJ113,SJ,SpiceJet,BLR -> BOM,2026-04-18 08:10:41.702,2026-04-18 10:10:42.000,120.0,147.73333333333332,0,0.3202
AI191,AI,Air India,BLR -> MAA,2026-04-18 07:57:41.703,2026-04-18 11:58:41.703,241.0,187.3125,0,0.4487
6F267,6E,IndiGo,DEL -> MAA,2026-04-18 07:56:41.703,2026-04-18 11:49:41.703,233.0,178.7826086956522,0,0.2398
6F185,6E,IndiGo,CCU -> DEL,2026-04-18 07:49:41.703,2026-04-18 10:08:41.703,139.0,153.61111111111111,0,0.2535
AI114,AI,Air India,CCU -> DEL,2026-04-18 07:48:41.702,2026-04-18 09:03:41.702,75.0,153.61111111111111,0,0.1841
6F155,6E,IndiGo,DEL -> BLR,2026-04-18 07:47:41.703,2026-04-18 08:20:41.703,33.0,170.0344827586207,0,0.5937
UK045,UK,Vistara,MAA -> HYD,2026-04-18 07:43:41.701,2026-04-18 09:28:41.701,105.0,160.0,0,0.1661
AI111,AI,Air India,MAA -> CCU,2026-04-18 07:40:41.702,2026-04-18 10:39:41.702,179.0,158.54166666666666,0,0.2473
AI156,AI,Air India,CCU -> BOM,2026-04-18 07:39:41.703,2026-04-18 09:22:41.703,103.0,163.96969696969697,0,0.169
SJ128,SJ,SpiceJet,CCU -> BLR,2026-04-18 07:39:41.702,2026-04-18 10:42:41.702,183.0,167.35,0,0.2555
AI104,AI,Air India,MAA -> HYD,2026-04-18 07:35:41.702,2026-04-18 09:20:41.702,105.0,160.0,0,0.1661
6F225,6E,IndiGo,HYD -> CCU,2026-04-18 07:33:41.704,2026-04-18 12:12:41.704,279.0,167.15384615384616,0,0.3454
6F033,6E,IndiGo,DEL -> HYD,2026-04-18 07:08:41.701,2026-04-18 09:08:41.701,120.0,174.75925925925927,0,0.186
6F244,6E,IndiGo,MAA -> CCU,2026-04-18 07:07:41.704,2026-04-18 08:31:41.704,84.0,158.54166666666666,0,0.145
UK137,UK,Vistara,BOM -> MAA,2026-04-18 07:04:41.703,2026-04-18 09:14:41.703,130.0,183.40740740740742,0,0.296
AI063,AI,Air India,HYD -> BLR,2026-04-18 07:03:41.701,2026-04-18 11:26:41.701,263.0,162.76923076923077,0,0.2865
SJ156,SJ,SpiceJet,BOM -> DEL,2026-04-18 06:59:41.703,2026-04-18 07:34:41.703,35.0,153.82051282051282,0,0.3948
UK125,UK,Vistara,HYD -> BOM,2026-04-18 06:58:41.702,2026-04-18 11:44:41.702,286.0,155.4814814814815,0,0.4758
AI232,AI,Air India,DEL -> BLR,2026-04-18 06:43:41.704,2026-04-18 10:13:41.704,210.0,170.0344827586207,0,0.1883
AI167,AI,Air India,BLR -> DEL,2026-04-18 06:43:41.703,2026-04-18 11:10:41.703,267.0,156.94736842105263,0,0.29
UK160,UK,Vistara,BLR -> BOM,2026-04-18 06:42:41.703,2026-04-18 10:58:41.703,256.0,147.73333333333332,0,0.4078
UK129,UK,Vistara,HYD -> MAA,2026-04-18 06:29:41.702,2026-04-18 07:29:42.000,60.0,152.80701754385964,0,0.2138
SJ230,SJ,SpiceJet,BOM -> CCU,2026-04-18 06:22:41.704,2026-04-18 10:57:41.704,275.0,169.51111111111112,0,0.2929
SJ056,SJ,SpiceJet,HYD -> DEL,2026-04-18 06:11:41.701,2026-04-18 07:10:41.701,59.0,185.35714285714286,0,0.6609
SJ137,SJ,SpiceJet,CCU -> DEL,2026-04-18 06:08:41.702,2026-04-18 10:14:41.702,246.0,153.61111111111111,0,0.2097
6F081,6E,IndiGo,MAA -> BLR,2026-04-18 06:04:41.702,2026-04-18 07:43:41.702,99.0,172.8153846153846,0,0.1713
6F088,6E,IndiGo,CCU -> BLR,2026-04-18 05:51:41.702,2026-04-18 08:22:41.702,151.0,167.35,0,0.2797
6F121,6E,IndiGo,HYD -> MAA,2026-04-18 05:44:41.702,2026-04-18 10:42:41.702,298.0,152.80701754385964,1,0.7249
UK214,UK,Vistara,HYD -> DEL,2026-04-18 05:30:41.704,2026-04-18 09:10:41.704,220.0,185.35714285714286,0,0.4638
6F060,6E,IndiGo,DEL -> BLR,2026-04-18 05:29:41.701,2026-04-18 07:29:42.000,120.0,170.0344827586207,0,0.1875
SJ101,SJ,SpiceJet,CCU -> DEL,2026-04-18 05:17:41.702,2026-04-18 06:57:41.702,100.0,153.61111111111111,0,0.1588
AI017,AI,Air India,CCU -> BOM,2026-04-18 05:15:41.701,2026-04-18 08:48:41.701,213.0,163.96969696969697,0,0.2721
6F120,6E,IndiGo,BLR -> BOM,2026-04-18 05:14:41.702,2026-04-18 06:14:41.702,60.0,147.73333333333332,0,0.4274
6F217,6E,IndiGo,BLR -> BOM,2026-04-18 05:13:41.704,2026-04-18 08:01:41.704,168.0,147.73333333333332,0,0.3687
AI194,AI,Air India,MAA -> BLR,2026-04-18 05:09:41.703,2026-04-18 09:38:41.703,269.0,172.8153846153846,0,0.2535
AI095,AI,Air India,DEL -> MAA,2026-04-18 05:00:41.702,2026-04-18 08:18:41.702,198.0,178.7826086956522,0,0.3736
SJ190,SJ,SpiceJet,BOM -> CCU,2026-04-18 04:57:41.703,2026-04-18 09:25:41.703,268.0,169.51111111111112,0,0.2774
6F139,6E,IndiGo,HYD -> MAA,2026-04-18 04:55:41.702,2026-04-18 08:17:41.702,202.0,152.80701754385964,0,0.2059
6F062,6E,IndiGo,CCU -> DEL,2026-04-18 04:55:41.701,2026-04-18 06:22:41.701,87.0,153.61111111111111,0,0.1642
UK011,UK,Vistara,CCU -> DEL,2026-04-18 04:41:41.701,2026-04-18 06:25:41.701,104.0,153.61111111111111,0,0.1586
6F100,6E,IndiGo,BOM -> BLR,2026-04-18 04:40:41.702,2026-04-18 07:49:41.702,189.0,176.52173913043478,0,0.3641
6F228,6E,IndiGo,HYD -> MAA,2026-04-18 04:36:41.704,2026-04-18 09:27:41.704,291.0,152.80701754385964,0,0.5866
UK033,UK,Vistara,HYD -> DEL,2026-04-18 04:34:41.701,2026-04-18 09:18:41.701,284.0,185.35714285714286,0,0.5344
SJ231,SJ,SpiceJet,DEL -> BLR,2026-04-18 04:23:41.704,2026-04-18 05:48:41.704,85.0,170.0344827586207,0,0.2432
AI166,AI,Air India,BOM -> CCU,2026-04-18 04:20:41.703,2026-04-18 07:23:41.703,183.0,169.51111111111112,0,0.2828
SJ176,SJ,SpiceJet,DEL -> BOM,2026-04-18 04:15:41.703,2026-04-18 06:17:41.703,122.0,178.10714285714286,0,0.2662
SJ065,SJ,SpiceJet,MAA -> BLR,2026-04-18 04:10:41.701,2026-04-18 06:54:41.701,164.0,172.8153846153846,0,0.3029
6F160,6E,IndiGo,MAA -> BLR,2026-04-18 04:09:41.703,2026-04-18 08:26:41.703,257.0,172.8153846153846,0,0.2615
AI089,AI,Air India,CCU -> BOM,2026-04-18 04:05:41.702,2026-04-18 04:47:41.702,42.0,163.96969696969697,0,0.4656
UK226,UK,Vistara,MAA -> HYD,2026-04-18 03:58:41.704,2026-04-18 05:01:41.704,63.0,160.0,0,0.3273
SJ123,SJ,SpiceJet,BOM -> CCU,2026-04-18 03:57:41.702,2026-04-18 05:25:41.702,88.0,169.51111111111112,0,0.1848
AI054,AI,Air India,HYD -> CCU,2026-04-18 03:44:41.701,2026-04-18 08:10:41.701,266.0,167.15384615384616,0,0.334
UK019,UK,Vistara,BOM -> HYD,2026-04-18 03:41:41.701,2026-04-18 04:35:41.701,54.0,180.84615384615384,0,0.592
UK032,UK,Vistara,BLR -> BOM,2026-04-18 03:31:41.701,2026-04-18 07:28:41.701,237.0,147.73333333333332,0,0.4314
SJ100,SJ,SpiceJet,MAA -> BLR,2026-04-18 03:28:41.702,2026-04-18 06:50:41.702,202.0,172.8153846153846,0,0.3082
SJ094,SJ,SpiceJet,MAA -> HYD,2026-04-18 03:23:41.702,2026-04-18 08:07:41.702,284.0,160.0,0,0.4748
6F101,6E,IndiGo,BOM -> MAA,2026-04-18 03:18:41.702,2026-04-18 08:15:41.702,297.0,183.40740740740742,0,0.6436
6F006,6E,IndiGo,BOM -> BLR,2026-04-18 03:06:41.701,2026-04-18 05:06:42.000,120.0,176.52173913043478,0,0.2904
AI006,AI,Air India,BOM -> BLR,2026-04-18 03:04:41.701,2026-04-18 05:54:41.701,170.0,176.52173913043478,0,0.3464
AI195,AI,Air India,CCU -> MAA,2026-04-18 02:58:41.703,2026-04-18 04:57:41.703,119.0,171.29166666666666,0,0.255
UK072,UK,Vistara,BOM -> BLR,2026-04-18 02:55:41.702,2026-04-18 05:55:42.000,180.0,176.52173913043478,0,0.4345
AI244,AI,Air India,BLR -> BOM,2026-04-18 02:50:41.704,2026-04-18 03:25:41.704,35.0,147.73333333333332,0,0.6254
SJ059,SJ,SpiceJet,CCU -> DEL,2026-04-18 02:50:41.701,2026-04-18 04:06:41.701,76.0,153.61111111111111,0,0.2793
SJ009,SJ,SpiceJet,CCU -> BLR,2026-04-18 02:48:41.701,2026-04-18 04:23:41.701,95.0,167.35,0,0.2722
AI121,AI,Air India,HYD -> MAA,2026-04-18 02:42:41.702,2026-04-18 06:11:41.702,209.0,152.80701754385964,0,0.2542
6F265,6E,IndiGo,DEL -> HYD,2026-04-18 02:27:41.703,2026-04-18 03:24:41.703,57.0,174.75925925925927,0,0.4686
6F110,6E,IndiGo,HYD -> DEL,2026-04-18 02:27:41.702,2026-04-18 05:48:41.702,201.0,185.35714285714286,0,0.5942
UK018,UK,Vistara,BOM -> CCU,2026-04-18 02:15:41.701,2026-04-18 04:08:41.701,113.0,169.51111111111112,0,0.2461
6F072,6E,IndiGo,BLR -> CCU,2026-04-18 02:14:41.702,2026-04-18 03:11:41.702,57.0,128.52380952380952,1,0.8851
6F159,6E,IndiGo,CCU -> BOM,2026-04-18 02:08:41.703,2026-04-18 02:43:41.703,35.0,163.96969696969697,0,0.6244
6F095,6E,IndiGo,BLR -> MAA,2026-04-18 01:53:41.702,2026-04-18 05:34:41.702,221.0,187.3125,0,0.6476
SJ129,SJ,SpiceJet,CCU -> BOM,2026-04-18 01:48:41.702,2026-04-18 05:48:41.702,240.0,163.96969696969697,0,0.3211
UK039,UK,Vistara,HYD -> BOM,2026-04-18 01:40:41.701,2026-04-18 02:53:41.701,73.0,155.4814814814815,0,0.3425
6F130,6E,IndiGo,DEL -> HYD,2026-04-18 01:27:41.702,2026-04-18 02:45:41.702,78.0,174.75925925925927,0,0.3827
6F247,6E,IndiGo,DEL -> HYD,2026-04-18 01:27:41.702,2026-04-18 02:45:41.702,78.0,174.75925925925927,0,0.3827
SJ233,SJ,SpiceJet,DEL -> HYD,2026-04-18 01:18:41.704,2026-04-18 02:56:41.704,98.0,174.75925925925927,0,0.2933
6F231,6E,IndiGo,HYD -> MAA,2026-04-18 01:16:41.704,2026-04-18 05:43:41.704,267.0,152.80701754385964,0,0.4238
AI125,AI,Air India,CCU -> DEL,2026-04-18 01:12:41.702,2026-04-18 04:51:41.702,219.0,153.61111111111111,0,0.3317
6F102,6E,IndiGo,HYD -> MAA,2026-04-18 01:10:41.702,2026-04-18 02:24:41.702,74.0,152.80701754385964,0,0.3272
UK078,UK,Vistara,BOM -> HYD,2026-04-18 01:03:41.702,2026-04-18 04:32:41.702,209.0,180.84615384615384,0,0.4942
UK043,UK,Vistara,DEL -> HYD,2026-04-18 00:48:41.701,2026-04-18 04:52:41.701,244.0,174.75925925925927,0,0.4158
AI144,AI,Air India,MAA -> BOM,2026-04-18 00:43:41.702,2026-04-18 03:36:41.702,173.0,176.76190476190476,0,0.5596
UK054,UK,Vistara,BLR -> BOM,2026-04-18 00:37:41.701,2026-04-18 05:30:41.701,293.0,147.73333333333332,1,0.9046
UK108,UK,Vistara,DEL -> BLR,2026-04-18 00:28:41.702,2026-04-18 03:46:41.702,198.0,170.0344827586207,0,0.4342
6F008,6E,IndiGo,DEL -> BOM,2026-04-18 00:14:41.701,2026-04-18 04:59:41.701,285.0,178.10714285714286,0,0.5899
6F106,6E,IndiGo,BOM -> CCU,2026-04-18 00:10:41.702,2026-04-18 01:52:41.702,102.0,169.51111111111112,0,0.3614
AI203,AI,Air India,BOM -> CCU,2026-04-18 00:09:41.703,2026-04-18 02:56:41.703,167.0,169.51111111111112,0,0.5428
AI065,AI,Air India,MAA -> BLR,2026-04-18 00:09:41.701,2026-04-18 05:00:41.701,291.0,172.8153846153846,0,0.5821
UK053,UK,Vistara,BLR -> BOM,2026-04-17 23:56:41.701,2026-04-18 02:46:41.701,170.0,147.73333333333332,0,0.4894
UK086,UK,Vistara,CCU -> BLR,2026-04-17 23:55:41.702,2026-04-18 02:27:41.702,152.0,167.35,0,0.3801
SJ223,SJ,SpiceJet,HYD -> MAA,2026-04-17 23:54:41.703,2026-04-18 01:08:41.703,74.0,152.80701754385964,0,0.3727
6F069,6E,IndiGo,MAA -> BLR,2026-04-17 23:44:41.701,2026-04-18 03:17:41.701,213.0,172.8153846153846,0,0.2318
6F032,6E,IndiGo,DEL -> BOM,2026-04-17 23:43:41.701,2026-04-18 02:22:41.701,159.0,178.10714285714286,0,0.415
UK178,UK,Vistara,DEL -> BLR,2026-04-17 23:41:41.703,2026-04-18 04:09:41.703,268.0,170.0344827586207,0,0.3661
6F108,6E,IndiGo,DEL -> HYD,2026-04-17 23:41:41.702,2026-04-18 03:23:41.702,222.0,174.75925925925927,0,0.2839
UK147,UK,Vistara,CCU -> DEL,2026-04-17 23:35:41.703,2026-04-18 02:55:41.703,200.0,153.61111111111111,0,0.291
AI187,AI,Air India,BLR -> HYD,2026-04-17 23:32:41.703,2026-04-18 01:16:41.703,104.0,155.68421052631578,0,0.2867
UK213,UK,Vistara,BOM -> CCU,2026-04-17 23:21:41.704,2026-04-18 01:01:41.704,100.0,169.51111111111112,0,0.2402
AI035,AI,Air India,DEL -> MAA,2026-04-17 23:17:41.701,2026-04-18 00:48:41.701,91.0,178.7826086956522,0,0.3818
UK186,UK,Vistara,BOM -> BLR,2026-04-17 23:05:41.703,2026-04-18 02:22:41.703,197.0,176.52173913043478,0,0.3376
6F045,6E,IndiGo,BOM -> HYD,2026-04-17 23:04:41.701,2026-04-18 03:38:41.701,274.0,180.84615384615384,0,0.4423
UK025,UK,Vistara,DEL -> BOM,2026-04-17 22:55:41.701,2026-04-18 02:47:41.701,232.0,178.10714285714286,0,0.2351
UK162,UK,Vistara,BOM -> CCU,2026-04-17 22:47:41.703,2026-04-18 00:21:41.703,94.0,169.51111111111112,0,0.1408
AI157,AI,Air India,BLR -> CCU,2026-04-17 22:45:41.703,2026-04-18 01:33:41.703,168.0,128.52380952380952,0,0.6584
6F096,6E,IndiGo,MAA -> BLR,2026-04-17 22:45:41.702,2026-04-18 02:58:41.702,253.0,172.8153846153846,0,0.2439
SJ229,SJ,SpiceJet,CCU -> DEL,2026-04-17 22:25:41.704,2026-04-18 00:27:41.704,122.0,153.61111111111111,0,0.2126
AI214,AI,Air India,CCU -> DEL,2026-04-17 22:23:41.703,2026-04-18 02:49:41.703,266.0,153.61111111111111,0,0.3403
6F205,6E,IndiGo,HYD -> BOM,2026-04-17 22:16:41.703,2026-04-18 00:02:41.703,106.0,155.4814814814815,0,0.156
SJ157,SJ,SpiceJet,DEL -> HYD,2026-04-17 22:11:41.703,2026-04-18 01:05:41.703,174.0,174.75925925925927,0,0.3747
UK114,UK,Vistara,HYD -> CCU,2026-04-17 22:10:41.702,2026-04-17 23:58:41.702,108.0,167.15384615384616,0,0.2016
6F054,6E,IndiGo,HYD -> BLR,2026-04-17 22:00:41.701,2026-04-18 01:25:41.701,205.0,162.76923076923077,0,0.1803
6F216,6E,IndiGo,BLR -> DEL,2026-04-17 21:58:41.704,2026-04-18 02:51:41.704,293.0,156.94736842105263,0,0.6009
AI231,AI,Air India,DEL -> HYD,2026-04-17 21:52:41.704,2026-04-17 23:51:41.704,119.0,174.75925925925927,0,0.155
UK103,UK,Vistara,MAA -> DEL,2026-04-17 21:52:41.702,2026-04-18 01:06:41.702,194.0,155.96153846153845,0,0.1694
AI066,AI,Air India,HYD -> MAA,2026-04-17 21:51:41.701,2026-04-18 00:11:41.701,140.0,152.80701754385964,0,0.2665
6F186,6E,IndiGo,HYD -> BOM,2026-04-17 21:48:41.703,2026-04-18 02:02:41.703,254.0,155.4814814814815,0,0.2591
AI021,AI,Air India,DEL -> HYD,2026-04-17 21:39:41.701,2026-04-18 01:38:41.701,239.0,174.75925925925927,0,0.1576
AI113,AI,Air India,CCU -> HYD,2026-04-17 21:21:41.702,2026-04-17 23:51:41.702,150.0,152.23809523809524,0,0.3537
SJ031,SJ,SpiceJet,DEL -> BOM,2026-04-17 21:20:41.701,2026-04-17 22:29:41.701,69.0,178.10714285714286,0,0.4448
UK217,UK,Vistara,MAA -> CCU,2026-04-17 21:19:41.704,2026-04-17 22:14:41.704,55.0,158.54166666666666,0,0.3099
SJ120,SJ,SpiceJet,MAA -> BLR,2026-04-17 21:19:41.702,2026-04-18 00:56:41.702,217.0,172.8153846153846,0,0.1508
UK180,UK,Vistara,CCU -> MAA,2026-04-17 21:18:41.703,2026-04-17 23:29:41.703,131.0,171.29166666666666,0,0.1191
6F242,6E,IndiGo,BLR -> MAA,2026-04-17 21:10:41.704,2026-04-18 01:04:41.704,234.0,187.3125,0,0.4633
UK080,UK,Vistara,BLR -> MAA,2026-04-17 21:09:41.702,2026-04-17 22:29:41.702,80.0,187.3125,0,0.5728
SJ124,SJ,SpiceJet,HYD -> DEL,2026-04-17 21:05:41.702,2026-04-18 01:12:41.702,247.0,185.35714285714286,0,0.4052
SJ115,SJ,SpiceJet,BOM -> HYD,2026-04-17 21:05:41.702,2026-04-17 23:10:41.702,125.0,180.84615384615384,0,0.2138
AI081,AI,Air India,CCU -> BOM,2026-04-17 21:03:41.702,2026-04-17 22:51:41.702,108.0,163.96969696969697,0,0.1728
AI142,AI,Air India,BOM -> DEL,2026-04-17 20:49:41.702,2026-04-17 23:03:41.702,134.0,153.82051282051282,0,0.1994
UK052,UK,Vistara,BLR -> CCU,2026-04-17 20:48:41.701,2026-04-17 21:40:41.701,52.0,128.52380952380952,1,0.7451
UK014,UK,Vistara,HYD -> MAA,2026-04-17 20:41:41.701,2026-04-17 22:06:41.701,85.0,152.80701754385964,0,0.1208
AI230,AI,Air India,CCU -> BLR,2026-04-17 20:37:41.704,2026-04-18 00:22:41.704,225.0,167.35,0,0.1502
6F268,6E,IndiGo,DEL -> MAA,2026-04-17 20:29:41.701,2026-04-17 21:58:41.701,89.0,178.7826086956522,0,0.2269
AI124,AI,Air India,CCU -> HYD,2026-04-17 20:28:41.702,2026-04-18 00:00:41.702,212.0,152.23809523809524,0,0.1578
6F082,6E,IndiGo,BOM -> BLR,2026-04-17 20:26:41.702,2026-04-17 22:26:41.702,120.0,176.52173913043478,0,0.1317
SJ035,SJ,SpiceJet,CCU -> DEL,2026-04-17 20:15:41.701,2026-04-17 21:15:42.000,60.0,153.61111111111111,0,0.2137
SJ095,SJ,SpiceJet,DEL -> MAA,2026-04-17 20:09:41.702,2026-04-17 23:13:41.702,184.0,178.7826086956522,0,0.2932
UK230,UK,Vistara,BLR -> BOM,2026-04-17 20:02:41.704,2026-04-17 21:35:41.704,93.0,147.73333333333332,0,0.2271
UK171,UK,Vistara,HYD -> CCU,2026-04-17 19:59:41.703,2026-04-17 22:53:41.703,174.0,167.15384615384616,0,0.2421
6F147,6E,IndiGo,HYD -> MAA,2026-04-17 19:57:41.703,2026-04-18 00:31:41.703,274.0,152.80701754385964,0,0.2978
SJ212,SJ,SpiceJet,MAA -> BLR,2026-04-17 19:49:41.703,2026-04-17 21:44:41.703,115.0,172.8153846153846,0,0.0837
6F080,6E,IndiGo,HYD -> MAA,2026-04-17 19:47:41.702,2026-04-17 23:13:41.702,206.0,152.80701754385964,0,0.1229
UK049,UK,Vistara,HYD -> BOM,2026-04-17 19:47:41.701,2026-04-17 20:32:41.701,45.0,155.4814814814815,0,0.2889
AI152,AI,Air India,BLR -> CCU,2026-04-17 19:21:41.703,2026-04-17 20:26:41.703,65.0,128.52380952380952,0,0.703
AI162,AI,Air India,MAA -> DEL,2026-04-17 19:20:41.703,2026-04-17 22:40:41.703,200.0,155.96153846153845,0,0.1267
SJ037,SJ,SpiceJet,BLR -> BOM,2026-04-17 19:14:41.701,2026-04-17 22:31:41.701,197.0,147.73333333333332,0,0.2557
AI172,AI,Air India,BOM -> CCU,2026-04-17 19:08:41.703,2026-04-17 19:53:41.703,45.0,169.51111111111112,0,0.4002
UK205,UK,Vistara,HYD -> MAA,2026-04-17 18:57:41.703,2026-04-17 21:46:41.703,169.0,152.80701754385964,0,0.1803
AI199,AI,Air India,HYD -> DEL,2026-04-17 18:47:41.703,2026-04-17 22:26:41.703,219.0,185.35714285714286,0,0.3984
6F241,6E,IndiGo,DEL -> HYD,2026-04-17 18:27:41.704,2026-04-17 19:02:41.704,35.0,174.75925925925927,0,0.6516
SJ041,SJ,SpiceJet,CCU -> HYD,2026-04-17 18:24:41.701,2026-04-17 22:59:41.701,275.0,152.23809523809524,0,0.3228
AI064,AI,Air India,BLR -> MAA,2026-04-17 18:24:41.701,2026-04-17 20:07:41.701,103.0,187.3125,0,0.4063
UK169,UK,Vistara,HYD -> DEL,2026-04-17 18:12:41.703,2026-04-17 23:01:41.703,289.0,185.35714285714286,0,0.5107
UK144,UK,Vistara,BOM -> CCU,2026-04-17 18:07:41.703,2026-04-17 20:59:41.703,172.0,169.51111111111112,0,0.2588
AI118,AI,Air India,HYD -> MAA,2026-04-17 17:50:41.702,2026-04-17 19:59:41.702,129.0,152.80701754385964,0,0.1053
SJ145,SJ,SpiceJet,BLR -> HYD,2026-04-17 17:41:41.702,2026-04-17 20:38:41.702,177.0,155.68421052631578,0,0.1008
SJ077,SJ,SpiceJet,BLR -> MAA,2026-04-17 17:32:41.701,2026-04-17 19:40:41.701,128.0,187.3125,0,0.3172
AI126,AI,Air India,MAA -> HYD,2026-04-17 17:26:41.702,2026-04-17 20:48:41.702,202.0,160.0,0,0.124
SJ033,SJ,SpiceJet,HYD -> DEL,2026-04-17 17:26:41.701,2026-04-17 18:51:41.701,85.0,185.35714285714286,0,0.3946
SJ180,SJ,SpiceJet,HYD -> CCU,2026-04-17 17:12:41.703,2026-04-17 22:00:41.703,288.0,167.15384615384616,0,0.3793
6F183,6E,IndiGo,MAA -> HYD,2026-04-17 17:08:41.703,2026-04-17 19:52:41.703,164.0,160.0,0,0.2617
AI145,AI,Air India,DEL -> BOM,2026-04-17 17:06:41.702,2026-04-17 21:31:41.702,265.0,178.10714285714286,0,0.161
6F089,6E,IndiGo,DEL -> HYD,2026-04-17 17:06:41.702,2026-04-17 19:10:41.702,124.0,174.75925925925927,0,0.0584
6F207,6E,IndiGo,BOM -> HYD,2026-04-17 16:59:41.703,2026-04-17 21:00:41.703,241.0,180.84615384615384,0,0.1667
AI229,AI,Air India,HYD -> MAA,2026-04-17 16:48:41.703,2026-04-17 18:40:41.703,112.0,152.80701754385964,0,0.0457
6F223,6E,IndiGo,MAA -> BLR,2026-04-17 16:47:41.704,2026-04-17 17:21:41.704,34.0,172.8153846153846,0,0.5832
6F116,6E,IndiGo,MAA -> CCU,2026-04-17 16:43:41.702,2026-04-17 19:02:41.702,139.0,158.54166666666666,0,0.1681
SJ240,SJ,SpiceJet,BOM -> HYD,2026-04-17 16:42:41.704,2026-04-17 20:21:41.704,219.0,180.84615384615384,0,0.2118
SJ184,SJ,SpiceJet,CCU -> DEL,2026-04-17 16:32:41.703,2026-04-17 21:00:41.703,268.0,153.61111111111111,0,0.2347
AI087,AI,Air India,MAA -> DEL,2026-04-17 16:32:41.702,2026-04-17 20:30:41.702,238.0,155.96153846153845,0,0.1087
UK148,UK,Vistara,HYD -> BOM,2026-04-17 16:31:41.703,2026-04-17 18:43:41.703,132.0,155.4814814814815,0,0.0981
AI210,AI,Air India,BLR -> BOM,2026-04-17 16:13:41.703,2026-04-17 18:50:41.703,157.0,147.73333333333332,0,0.2872
6F093,6E,IndiGo,CCU -> DEL,2026-04-17 16:09:41.702,2026-04-17 20:00:41.702,231.0,153.61111111111111,0,0.1028
SJ080,SJ,SpiceJet,CCU -> MAA,2026-04-17 16:04:41.702,2026-04-17 17:59:41.702,115.0,171.29166666666666,0,0.0238
SJ005,SJ,SpiceJet,DEL -> MAA,2026-04-17 16:03:41.701,2026-04-17 17:24:41.701,81.0,178.7826086956522,0,0.2184
6F040,6E,IndiGo,HYD -> CCU,2026-04-17 15:52:41.701,2026-04-17 20:33:41.701,281.0,167.15384615384616,0,0.3288
AI212,AI,Air India,DEL -> CCU,2026-04-17 15:31:41.703,2026-04-17 20:13:41.703,282.0,151.73076923076923,0,0.4381
AI154,AI,Air India,HYD -> MAA,2026-04-17 15:25:41.703,2026-04-17 19:16:41.703,231.0,152.80701754385964,0,0.1183
6F239,6E,IndiGo,CCU -> BOM,2026-04-17 15:24:41.704,2026-04-17 17:37:41.704,133.0,163.96969696969697,0,0.1146
UK199,UK,Vistara,BOM -> CCU,2026-04-17 15:24:41.703,2026-04-17 18:55:41.703,211.0,169.51111111111112,0,0.0584
6F218,6E,IndiGo,BLR -> BOM,2026-04-17 15:16:41.704,2026-04-17 19:03:41.704,227.0,147.73333333333332,0,0.2482
6F011,6E,IndiGo,MAA -> BLR,2026-04-17 15:16:41.701,2026-04-17 17:16:42.000,120.0,172.8153846153846,0,0.0341
UK106,UK,Vistara,BOM -> CCU,2026-04-17 15:12:41.702,2026-04-17 17:23:41.702,131.0,169.51111111111112,0,0.0
UK030,UK,Vistara,CCU -> DEL,2026-04-17 15:11:41.701,2026-04-17 19:38:41.701,267.0,153.61111111111111,0,0.2196
6F090,6E,IndiGo,HYD -> BLR,2026-04-17 15:10:41.702,2026-04-17 19:22:41.702,252.0,162.76923076923077,0,0.1628
AI184,AI,Air India,BOM -> CCU,2026-04-17 15:03:41.703,2026-04-17 17:03:42.000,120.0,169.51111111111112,0,0.0062
SJ232,SJ,SpiceJet,MAA -> BLR,2026-04-17 15:02:41.704,2026-04-17 19:22:41.704,260.0,172.8153846153846,0,0.1362
AI153,AI,Air India,BOM -> CCU,2026-04-17 15:02:41.703,2026-04-17 16:30:41.703,88.0,169.51111111111112,0,0.0592
UK101,UK,Vistara,DEL -> HYD,2026-04-17 15:00:41.702,2026-04-17 17:43:41.702,163.0,174.75925925925927,0,0.1372
6F200,6E,IndiGo,HYD -> DEL,2026-04-17 14:54:41.703,2026-04-17 19:41:41.703,287.0,185.35714285714286,0,0.4717
6F162,6E,IndiGo,CCU -> BOM,2026-04-17 14:50:41.703,2026-04-17 17:44:41.703,174.0,163.96969696969697,0,0.1624
SJ197,SJ,SpiceJet,HYD -> BLR,2026-04-17 14:49:41.703,2026-04-17 17:33:41.703,164.0,162.76923076923077,0,0.2661
AI174,AI,Air India,DEL -> CCU,2026-04-17 14:45:41.703,2026-04-17 17:01:41.703,136.0,151.73076923076923,0,0.1751
UK090,UK,Vistara,HYD -> MAA,2026-04-17 14:44:41.702,2026-04-17 17:24:41.702,160.0,152.80701754385964,0,0.1295
UK124,UK,Vistara,MAA -> BLR,2026-04-17 14:35:41.702,2026-04-17 17:09:41.702,154.0,172.8153846153846,0,0.081
AI239,AI,Air India,BOM -> HYD,2026-04-17 14:33:41.704,2026-04-17 17:47:41.704,194.0,180.84615384615384,0,0.2622
UK002,UK,Vistara,CCU -> MAA,2026-04-17 14:28:41.700,2026-04-17 19:20:41.700,292.0,171.29166666666666,0,0.3651
SJ055,SJ,SpiceJet,HYD -> MAA,2026-04-17 14:17:41.701,2026-04-17 17:56:41.701,219.0,152.80701754385964,0,0.0908
UK132,UK,Vistara,BOM -> DEL,2026-04-17 14:12:41.702,2026-04-17 16:19:41.702,127.0,153.82051282051282,0,0.0706
6F002,6E,IndiGo,BLR -> MAA,2026-04-17 14:11:41.700,2026-04-17 17:34:41.700,203.0,187.3125,0,0.4497
UK005,UK,Vistara,BOM -> MAA,2026-04-17 14:02:41.701,2026-04-17 18:14:41.701,252.0,183.40740740740742,0,0.2705
6F258,6E,IndiGo,BOM -> DEL,2026-04-17 13:54:41.703,2026-04-17 16:49:41.703,175.0,153.82051282051282,0,0.0814
SJ244,SJ,SpiceJet,BLR -> DEL,2026-04-17 13:51:41.704,2026-04-17 15:39:41.704,108.0,156.94736842105263,0,0.004
AI075,AI,Air India,CCU -> DEL,2026-04-17 13:51:41.702,2026-04-17 16:49:41.702,178.0,153.61111111111111,0,0.0903
AI160,AI,Air India,MAA -> DEL,2026-04-17 13:41:41.703,2026-04-17 17:01:41.703,200.0,155.96153846153845,0,0.0601
UK091,UK,Vistara,CCU -> BOM,2026-04-17 13:37:41.702,2026-04-17 17:31:41.702,234.0,163.96969696969697,0,0.0833
UK195,UK,Vistara,HYD -> BOM,2026-04-17 13:35:41.703,2026-04-17 16:35:41.703,180.0,155.4814814814815,0,0.0757
6F044,6E,IndiGo,DEL -> HYD,2026-04-17 13:25:41.701,2026-04-17 17:36:41.701,251.0,174.75925925925927,0,0.0738
6F248,6E,IndiGo,DEL -> HYD,2026-04-17 13:25:41.701,2026-04-17 17:36:41.701,251.0,174.75925925925927,0,0.0738
6F204,6E,IndiGo,DEL -> CCU,2026-04-17 13:23:41.703,2026-04-17 16:04:41.703,161.0,151.73076923076923,0,0.1395
SJ092,SJ,SpiceJet,BLR -> MAA,2026-04-17 13:19:41.702,2026-04-17 17:56:41.702,277.0,187.3125,0,0.4322
AI119,AI,Air India,MAA -> BLR,2026-04-17 13:15:41.702,2026-04-17 15:57:41.702,162.0,172.8153846153846,0,0.1082
AI151,AI,Air India,MAA -> HYD,2026-04-17 13:14:41.703,2026-04-17 14:10:41.703,56.0,160.0,0,0.2407
UK107,UK,Vistara,HYD -> BOM,2026-04-17 13:09:41.702,2026-04-17 14:25:41.702,76.0,155.4814814814815,0,0.0979
SJ019,SJ,SpiceJet,BLR -> DEL,2026-04-17 13:07:41.701,2026-04-17 15:56:41.701,169.0,156.94736842105263,0,0.12
AI052,AI,Air India,CCU -> MAA,2026-04-17 13:06:41.701,2026-04-17 15:42:41.701,156.0,171.29166666666666,0,0.1111
SJ177,SJ,SpiceJet,BOM -> CCU,2026-04-17 13:04:41.703,2026-04-17 17:37:41.703,273.0,169.51111111111112,0,0.1674
6F215,6E,IndiGo,DEL -> BLR,2026-04-17 13:00:41.703,2026-04-17 17:30:41.703,270.0,170.0344827586207,0,0.1468
AI223,AI,Air India,BOM -> CCU,2026-04-17 12:53:41.703,2026-04-17 14:42:41.703,109.0,169.51111111111112,0,0.0336
SJ069,SJ,SpiceJet,HYD -> BLR,2026-04-17 12:53:41.701,2026-04-17 14:17:41.701,84.0,162.76923076923077,0,0.1244
6F198,6E,IndiGo,HYD -> BLR,2026-04-17 12:40:41.703,2026-04-17 17:39:41.703,299.0,162.76923076923077,0,0.6441
AI093,AI,Air India,BOM -> BLR,2026-04-17 12:35:41.702,2026-04-17 17:28:41.702,293.0,176.52173913043478,0,0.4035
UK062,UK,Vistara,HYD -> DEL,2026-04-17 12:33:41.701,2026-04-17 15:35:41.701,182.0,185.35714285714286,0,0.4558
6F057,6E,IndiGo,MAA -> DEL,2026-04-17 12:32:41.701,2026-04-17 15:50:41.701,198.0,155.96153846153845,0,0.0778
UK064,UK,Vistara,BOM -> DEL,2026-04-17 12:25:41.701,2026-04-17 14:55:41.701,150.0,153.82051282051282,0,0.1817
